Transaction_ID,Customer_ID,Customer_Name,Customer_Email,Gender,Province,Order_Date,Load_Timestamp,Product_Category,Quantity,Unit_Price,Discount_Rate,Transaction_Amount,Payment_Method,Order_Status,Is_Promotion,Customer_Email_Original,Is_Email_Imputed,Email_Impute_Flag,Province_Original,Is_Province_Imputed,Province_Impute_Flag,Is_Order_Date_Imputed,Is_Quantity_Valid,Expected_Amount,Amount_Diff,Accuracy_Flag,Transaction_Amount_Original,Is_Order_Status_Valid,Is_Outlier,Transaction_Amount_Before_Cap,Order_Date_dt,Load_Timestamp_dt,Load_Delay_Hours,Is_Late
T000127,C0103,Tee Phromla,tee.phromla103@example.com,F,Phuket,2026-06-11,2026-06-11 05:00:00,Sports,3,110.26,0.05,314.24,Unknown,Cancelled,N,tee.phromla103@example.com,False,Original,Phuket,False,Original,False,True,314.24,0.0,False,314.24,True,False,314.24,2026-06-11,2026-06-11 05:00:00,5.0,False
T000169,C0138,Mint Dechawat,mint.dechawat138@example.com,M,Khon Kaen,2026-01-24,2026-01-24 01:00:00,Home,3,138.08,0.05,393.53,PromptPay,Processing,N,mint.dechawat138@example.com,False,Original,Khon Kaen,False,Original,False,True,393.53,0.0,False,393.53,True,False,393.53,2026-01-24,2026-01-24 01:00:00,1.0,False
T000003,C0071,Aom Sukjai,aom.sukjai71@example.com,M,Chanthaburi,2026-05-29,2026-05-29 05:00:00,Home,4,263.93,0.0,1055.72,Cash on Delivery,Cancelled,N,aom.sukjai71@example.com,False,Original,Chanthaburi,False,Original,False,True,1055.72,0.0,False,1055.72,True,False,1055.72,2026-05-29,2026-05-29 05:00:00,5.0,False
T000336,C0152,Tee Dechawat,tee.dechawat152@example.com,M,Chanthaburi,2026-01-02,2026-02-01 18:00:00,Food,6,116.53,0.1,629.26,Bank Transfer,Returned,N,tee.dechawat152@example.com,False,Original,Chanthaburi,False,Original,False,True,629.26,0.0,False,629.26,True,False,629.26,2026-01-02,2026-02-01 18:00:00,738.0,True
T000093,C0090,Mook Sukjai,mook.sukjai90@example.com,M,Chanthaburi,2026-04-18,2026-04-18 13:00:00,Electronics,5,358.35,0.0,1791.75,PromptPay,Processing,N,mook.sukjai90@example.com,False,Original,Chanthaburi,False,Original,False,True,1791.75,0.0,False,1791.75,True,False,1791.75,2026-04-18,2026-04-18 13:00:00,13.0,False
T000440,C0038,Boss Kittikul,boss.kittikul38@example.com,F,Nakhon Ratchasima,2026-02-23,2026-02-23 05:00:00,Sports,6,142.14,0.0,852.84,Credit Card,Processing,N,boss.kittikul38@example.com,False,Original,Nakhon Ratchasima,False,Original,False,True,852.84,0.0,False,852.84,True,False,852.84,2026-02-23,2026-02-23 05:00:00,5.0,False
T000419,C0147,Film Chaiyo,film.chaiyo147@example.com,M,Chiang Mai,2026-01-06,2026-06-01 10:00:00,Fashion,2,334.89,0.0,669.78,Bank Transfer,Processing,N,film.chaiyo147@example.com,False,Original,Chiang Mai,False,Original,False,True,669.78,0.0,False,669.78,True,False,669.78,2026-01-06,2026-06-01 10:00:00,3514.0,True
T000307,C0018,Nont Chaiyo,nont.chaiyo18@example.com,M,Phuket,2026-02-06,2026-02-06 13:00:00,Home,4,484.67,0.0,1938.68,Bank Transfer,Completed,N,nont.chaiyo18@example.com,False,Original,Phuket,False,Original,False,True,1938.68,47.6400000000001,True,1891.04,True,False,1938.68,2026-02-06,2026-02-06 13:00:00,13.0,False
T000438,C0073,May Lertprasert,may.lertprasert73@example.com,M,Bangkok,2026-02-26,2026-02-26 09:00:00,Sports,6,238.93,0.1,1290.22,Bank Transfer,Processing,N,may.lertprasert73@example.com,False,Original,Bangkok,False,Original,False,True,1290.22,0.0,False,1290.22,True,False,1290.22,2026-02-26,2026-02-26 09:00:00,9.0,False
T000544,C0103,Tee Phromla,tee.phromla103@example.com,F,Phuket,2026-04-25,2026-04-25 03:00:00,Beauty,5,68.77,0.05,326.66,Bank Transfer,Returned,Y,tee.phromla103@example.com,False,Original,Phuket,False,Original,False,True,326.66,0.0,False,326.66,True,False,326.66,2026-04-25,2026-04-25 03:00:00,3.0,False
T000141,C0116,Boss Wongsa,boss.wongsa116@example.com,F,Chonburi,2026-06-19,2026-06-19 06:00:00,Food,4,98.35,0.0,393.4,Credit Card,Cancelled,N,boss.wongsa116@example.com,False,Original,Chonburi,False,Original,True,True,393.4,0.0,False,393.4,True,False,393.4,2026-06-19,2026-06-19 06:00:00,6.0,False
T000476,C0081,Film Srisawat,film.srisawat81@example.com,M,Chonburi,2026-03-20,2026-03-20 09:00:00,Food,4,432.12,0.0,1728.48,Bank Transfer,Processing,N,film.srisawat81@example.com,False,Original,Chonburi,False,Original,False,True,1728.48,0.0,False,1728.48,True,False,1728.48,2026-03-20,2026-03-20 09:00:00,9.0,False
T000433,C0007,Jane Saelim,jane.saelim7@example.com,M,Chiang Mai,2026-02-11,2026-02-11 17:00:00,Food,6,225.36,0.05,1284.55,PromptPay,Processing,Y,jane.saelim7@example.com,False,Original,Chiang Mai,False,Original,False,True,1284.55,0.0,False,1284.55,True,False,1284.55,2026-02-11,2026-02-11 17:00:00,17.0,False
T000589,C0029,Aom Pattanakul,aom.pattanakul29@example.com,F,Bangkok,2026-03-21,2026-03-21 08:00:00,Food,6,131.69,0.05,750.63,Cash on Delivery,Completed,N,aom.pattanakul29@example.com,False,Original,Bangkok,False,Original,False,True,750.63,0.0,False,750.63,True,False,750.63,2026-03-21,2026-03-21 08:00:00,8.0,False
T000565,C0086,Korn Dechawat,korn.dechawat86@example.com,F,Nakhon Ratchasima,2026-05-26,2026-05-26 10:00:00,Electronics,5,83.16,0.0,415.8,Credit Card,Returned,N,korn.dechawat86@example.com,False,Original,Nakhon Ratchasima,False,Original,False,True,415.8,0.0,False,415.8,True,False,415.8,2026-05-26,2026-05-26 10:00:00,10.0,False
T000598,C0060,Tee Maneerat,tee.maneerat60@example.com,M,Rayong,2026-04-07,2026-04-07 10:00:00,Sports,4,486.91,0.05,1850.26,Credit Card,Completed,N,tee.maneerat60@example.com,False,Original,Rayong,False,Original,False,True,1850.26,0.0,False,1850.26,True,False,1850.26,2026-04-07,2026-04-07 10:00:00,10.0,False
T000277,C0085,Aom Thongdee,aom.thongdee85@example.com,F,Chiang Mai,2026-02-11,2026-02-11 12:00:00,Food,3,282.28,0.05,804.5,Cash on Delivery,Completed,N,aom.thongdee85@example.com,False,Original,Chiang Mai,False,Original,False,True,804.5,0.0,False,804.5,True,False,804.5,2026-02-11,2026-02-11 12:00:00,12.0,False
T000344,C0116,Boss Wongsa,boss.wongsa116@example.com,F,Chonburi,2026-01-14,2026-01-14 07:00:00,Sports,3,202.84,0.0,608.52,Credit Card,Processing,N,boss.wongsa116@example.com,False,Original,Chonburi,False,Original,False,True,608.52,0.0,False,608.52,True,False,608.52,2026-01-14,2026-01-14 07:00:00,7.0,False
T000129,C0079,Mook Srisawat,mook.srisawat79@example.com,F,Chanthaburi,2026-04-15,2026-04-15 11:00:00,Electronics,3,105.51,0.1,284.88,PromptPay,Cancelled,N,mook.srisawat79@example.com,False,Original,Chanthaburi,False,Original,False,True,284.88,0.0,False,284.88,True,False,284.88,2026-04-15,2026-04-15 11:00:00,11.0,False
T000044,C0173,Tee Wongsa,tee.wongsa173@example.com,M,Phuket,2026-01-26,2026-01-26 02:00:00,Beauty,5,273.16,0.2,1092.64,Unknown,Completed,N,tee.wongsa173@example.com,False,Original,Phuket,False,Original,False,True,1092.64,0.0,False,1092.64,True,False,1092.64,2026-01-26,2026-01-26 02:00:00,2.0,False
T000293,C0076,Pim Phromla,pim.phromla76@example.com,M,Chanthaburi,2026-02-18,2026-02-20 01:00:00,Electronics,6,297.28,0.05,1694.5,Bank Transfer,Processing,N,pim.phromla76@example.com,False,Original,Chanthaburi,False,Original,False,True,1694.5,0.0,False,1694.5,True,False,1694.5,2026-02-18,2026-02-20 01:00:00,49.0,True
T000146,C0132,Fah Saelim,fah.saelim132@example.com,M,Khon Kaen,2026-01-16,2026-01-16 02:00:00,Food,3,119.99,0.1,323.97,PromptPay,Returned,N,fah.saelim132@example.com,False,Original,Khon Kaen,False,Original,False,True,323.97,0.0,False,323.97,True,False,323.97,2026-01-16,2026-01-16 02:00:00,2.0,False
T000559,C0038,Boss Kittikul,boss.kittikul38@example.com,F,Nakhon Ratchasima,2026-05-19,2026-05-19 03:00:00,Electronics,4,385.46,0.05,1464.75,Bank Transfer,Returned,N,boss.kittikul38@example.com,False,Original,Nakhon Ratchasima,False,Original,False,True,1464.75,57.59999999999991,True,1407.15,True,False,1464.75,2026-05-19,2026-05-19 03:00:00,3.0,False
T000082,C0145,Tee Srisawat,tee.srisawat145@example.com,M,Nakhon Ratchasima,2026-02-22,2026-02-22 17:00:00,Electronics,4,213.82,0.0,855.28,Cash on Delivery,Processing,N,tee.srisawat145@example.com,False,Original,Nakhon Ratchasima,False,Original,False,True,855.28,0.0,False,855.28,True,False,855.28,2026-02-22,2026-02-22 17:00:00,17.0,False
T000368,C0179,Jane Chaiyo,jane.chaiyo179@example.com,F,Chanthaburi,2026-04-12,2026-04-12 01:00:00,Electronics,6,147.75,0.0,886.5,PromptPay,Processing,N,jane.chaiyo179@example.com,False,Original,Chanthaburi,False,Original,False,True,886.5,0.0,False,886.5,True,False,886.5,2026-04-12,2026-04-12 01:00:00,1.0,False
T000353,C0109,Jane Thongdee,jane.thongdee109@example.com,F,Bangkok,2026-04-16,2026-04-16 04:00:00,Electronics,6,143.3,0.0,859.8,PromptPay,Cancelled,N,,True,Mapped_From_History,Bangkok,False,Original,False,True,859.8,0.0,False,859.8,True,False,859.8,2026-04-16,2026-04-16 04:00:00,4.0,False
T000505,C0173,Tee Wongsa,tee.wongsa173@example.com,M,Phuket,2026-04-14,2026-04-14 17:00:00,Beauty,5,258.8,0.0,1294.0,Credit Card,Processing,N,tee.wongsa173@example.com,False,Original,Phuket,False,Original,False,True,1294.0,0.0,False,1294.0,True,False,1294.0,2026-04-14,2026-04-14 17:00:00,17.0,False
T000571,C0085,Aom Thongdee,aom.thongdee85@example.com,F,Chiang Mai,2026-01-17,2026-01-20 13:00:00,Food,4,236.68,0.0,946.72,Unknown,Completed,N,aom.thongdee85@example.com,False,Original,Chiang Mai,False,Original,False,True,946.72,0.0,False,946.72,True,False,946.72,2026-01-17,2026-01-20 13:00:00,85.0,True
T000599,C0039,Beam Boonmee,beam.boonmee39@example.com,M,Rayong,2026-01-01,2026-01-01 07:00:00,Sports,1,470.07,0.15,399.56,Credit Card,Returned,N,beam.boonmee39@example.com,False,Original,Rayong,False,Original,False,True,399.56,81.13,True,318.43,True,False,399.56,2026-01-01,2026-01-01 07:00:00,7.0,False
T000074,C0022,Film Kittikul,film.kittikul22@example.com,F,Nakhon Ratchasima,2026-06-12,2026-06-12 08:00:00,Beauty,6,166.19,0.1,897.43,PromptPay,Returned,Y,film.kittikul22@example.com,False,Original,Nakhon Ratchasima,False,Original,False,True,897.43,0.0,False,897.43,True,False,897.43,2026-06-12,2026-06-12 08:00:00,8.0,False
T000205,C0134,Pim Wongsa,pim.wongsa134@example.com,M,Chanthaburi,2026-06-28,2026-06-28 16:00:00,Food,6,247.3,0.0,1483.8,Cash on Delivery,Cancelled,N,,True,Mapped_From_History,Chanthaburi,False,Original,False,True,1483.8,0.0,False,1483.8,True,False,1483.8,2026-06-28,2026-06-28 16:00:00,16.0,False
T000070,C0062,Beam Rattanakul,beam.rattanakul62@example.com,M,Bangkok,2026-03-31,2026-03-31 08:00:00,Beauty,6,210.09,0.0,1260.54,Credit Card,Completed,N,,True,Mapped_From_History,Bangkok,False,Original,False,True,1260.54,0.0,False,1260.54,True,False,1260.54,2026-03-31,2026-03-31 08:00:00,8.0,False
T000130,C0093,Bank Thongdee,bank.thongdee93@example.com,F,Khon Kaen,2026-01-06,2026-01-06 08:00:00,Sports,3,162.6,0.1,439.02,PromptPay,Cancelled,N,bank.thongdee93@example.com,False,Original,Khon Kaen,False,Original,False,True,439.02,0.0,False,439.02,True,False,439.02,2026-01-06,2026-01-06 08:00:00,8.0,False
T000411,C0056,Mint Maneerat,mint.maneerat56@example.com,M,Rayong,2026-01-09,2026-01-09 11:00:00,Beauty,5,268.07,0.0,1340.35,PromptPay,Cancelled,N,mint.maneerat56@example.com,False,Original,Rayong,False,Original,False,True,1340.35,0.0,False,1340.35,True,False,1340.35,2026-01-09,2026-01-09 11:00:00,11.0,False
T900007,C0149,May Pattanakul,may.pattanakul149@example.com,F,Chiang Mai,2026-04-03,2026-04-03 17:00:00,Fashion,2,218.01,0.1,392.42,Bank Transfer,Returned,N,may.pattanakul149@example.com,False,Original,Chiang Mai,False,Original,True,True,392.42,0.0,False,392.42,True,False,392.42,2026-04-03,2026-04-03 17:00:00,17.0,False
T000116,C0145,Tee Srisawat,tee.srisawat145@example.com,M,Nakhon Ratchasima,2026-05-25,2026-05-25 06:00:00,Beauty,4,340.01,0.05,1292.04,Bank Transfer,Unknown,N,tee.srisawat145@example.com,False,Original,Nakhon Ratchasima,False,Original,False,True,1292.04,0.0,False,1292.04,False,False,1292.04,2026-05-25,2026-05-25 06:00:00,6.0,False
T000548,C0053,Jane Pattanakul,jane.pattanakul53@example.com,M,Nakhon Ratchasima,2026-01-08,2026-01-08 02:00:00,Beauty,4,77.7,0.0,310.8,Credit Card,Cancelled,N,jane.pattanakul53@example.com,False,Original,Nakhon Ratchasima,False,Original,False,True,310.8,0.0,False,310.8,True,False,310.8,2026-01-08,2026-01-08 02:00:00,2.0,False
T000211,C0150,Mook Chaiyo,mook.chaiyo150@example.com,F,Chiang Mai,2026-04-30,2026-04-30 05:00:00,Food,5,76.96,0.0,384.8,Credit Card,Cancelled,N,mook.chaiyo150@example.com,False,Original,Chiang Mai,False,Original,False,True,384.8,0.0,False,384.8,True,False,384.8,2026-04-30,2026-04-30 05:00:00,5.0,False
T000558,C0033,Pim Srisawat,pim.srisawat33@example.com,M,Rayong,2026-06-27,2026-06-27 14:00:00,Electronics,2,89.22,0.0,178.44,Credit Card,Returned,N,pim.srisawat33@example.com,False,Original,Rayong,False,Original,False,True,178.44,63.11,True,115.33,True,False,178.44,2026-06-27,2026-06-27 14:00:00,14.0,False
T000531,C0125,May Lertprasert,may.lertprasert125@example.com,F,Rayong,2026-01-10,2026-01-10 10:00:00,Sports,1,103.51,0.15,87.98,Unknown,Returned,N,may.lertprasert125@example.com,False,Original,Rayong,False,Original,False,True,87.98,0.0,False,87.98,True,False,87.98,2026-01-10,2026-01-10 10:00:00,10.0,False
T000250,C0011,Mint Rattanakul,mint.rattanakul11@example.com,F,Chanthaburi,2026-02-04,2026-02-04 19:00:00,Food,5,231.48,0.15,983.79,Cash on Delivery,Returned,N,mint.rattanakul11@example.com,False,Original,Chanthaburi,False,Original,False,True,983.79,0.0,False,983.79,True,False,983.79,2026-02-04,2026-02-04 19:00:00,19.0,False
T000179,C0034,Fah Pattanakul,fah.pattanakul34@example.com,M,Chiang Mai,2026-02-23,2026-02-23 15:00:00,Sports,6,87.78,0.0,526.68,Credit Card,Cancelled,N,fah.pattanakul34@example.com,False,Original,Chiang Mai,False,Original,False,True,526.68,0.0,False,526.68,True,False,526.68,2026-02-23,2026-02-23 15:00:00,15.0,False
T000105,C0086,Korn Dechawat,korn.dechawat86@example.com,F,Nakhon Ratchasima,2026-05-07,2026-05-07 08:00:00,Food,2,79.14,0.0,158.28,Credit Card,Processing,N,korn.dechawat86@example.com,False,Original,Nakhon Ratchasima,False,Original,False,True,158.28,0.0,False,158.28,True,False,158.28,2026-05-07,2026-05-07 08:00:00,8.0,False
T000462,C0085,Aom Thongdee,aom.thongdee85@example.com,F,Chiang Mai,2026-06-25,2026-06-25 18:00:00,Beauty,1,137.25,0.1,123.52,Unknown,Cancelled,N,aom.thongdee85@example.com,False,Original,,True,Mapped_From_History,False,True,123.52,0.010000000000005116,False,123.53,True,False,123.52,2026-06-25,2026-06-25 18:00:00,18.0,False
T000441,C0016,Korn Lertprasert,korn.lertprasert16@example.com,M,Khon Kaen,2026-01-03,2026-03-01 13:00:00,Sports,2,211.65,0.15,359.8,Credit Card,Cancelled,N,korn.lertprasert16@example.com,False,Original,,True,Mapped_From_History,False,True,359.8,0.009999999999990905,False,359.81,True,False,359.8,2026-01-03,2026-03-01 13:00:00,1381.0,True
T000118,C0024,Fah Boonmee,fah.boonmee24@example.com,F,Bangkok,2026-06-22,2026-06-22 01:00:00,Electronics,5,198.5,0.05,942.88,Cash on Delivery,Completed,N,fah.boonmee24@example.com,False,Original,Bangkok,False,Original,False,True,942.88,0.0,False,942.88,True,False,942.88,2026-06-22,2026-06-22 01:00:00,1.0,False
T000050,C0122,Anan Wongsa,anan.wongsa122@example.com,M,Chanthaburi,2026-02-27,2026-02-27 15:00:00,Food,6,188.54,0.05,1074.68,PromptPay,Completed,N,anan.wongsa122@example.com,False,Original,Chanthaburi,False,Original,False,True,1074.68,0.0,False,1074.68,True,False,1074.68,2026-02-27,2026-02-27 15:00:00,15.0,False
T000253,C0149,May Pattanakul,may.pattanakul149@example.com,F,Chiang Mai,2026-04-21,2026-04-21 14:00:00,Electronics,6,166.88,0.15,851.09,Bank Transfer,Returned,N,may.pattanakul149@example.com,False,Original,,True,Mapped_From_History,False,True,851.09,0.0,False,851.09,True,False,851.09,2026-04-21,2026-04-21 14:00:00,14.0,False
T000479,C0133,Gun Kittikul,gun.kittikul133@example.com,F,Phuket,2026-05-28,2026-05-28 11:00:00,Home,6,98.7,0.1,532.98,PromptPay,Returned,N,,True,Mapped_From_History,Phuket,False,Original,False,True,532.98,150.64000000000004,True,382.34,True,False,532.98,2026-05-28,2026-05-28 11:00:00,11.0,False
T000139,C0044,Gun Phromla,gun.phromla44@example.com,F,Chonburi,2026-05-24,2026-05-24 19:00:00,Electronics,4,172.46,0.15,586.36,PromptPay,Cancelled,N,gun.phromla44@example.com,False,Original,Chonburi,False,Original,False,True,586.36,0.0,False,586.36,True,False,586.36,2026-05-24,2026-05-24 19:00:00,19.0,False
T000300,C0176,Ploy Boonmee,ploy.boonmee176@example.com,M,Chanthaburi,2026-02-19,2026-02-19 17:00:00,Fashion,1,666.44,0.1,599.8,Bank Transfer,Completed,N,ploy.boonmee176@example.com,False,Original,Chanthaburi,False,Original,False,True,599.8,0.0,False,599.8,True,False,599.8,2026-02-19,2026-02-19 17:00:00,17.0,False
T000510,C0016,Korn Lertprasert,korn.lertprasert16@example.com,M,Khon Kaen,2026-02-12,2026-02-12 18:00:00,Beauty,3,116.82,0.0,350.46,Unknown,Completed,N,korn.lertprasert16@example.com,False,Original,Khon Kaen,False,Original,False,True,350.46,0.0,False,350.46,True,False,350.46,2026-02-12,2026-02-12 18:00:00,18.0,False
T000171,C0166,Jane Srisawat,jane.srisawat166@example.com,F,Nakhon Ratchasima,2026-05-30,2026-05-30 17:00:00,Fashion,5,151.98,0.0,759.9,PromptPay,Cancelled,N,jane.srisawat166@example.com,False,Original,Nakhon Ratchasima,False,Original,False,True,759.9,0.0,False,759.9,True,False,759.9,2026-05-30,2026-05-30 17:00:00,17.0,False
T000528,C0067,May Pattanakul,may.pattanakul67@example.com,M,Chonburi,2026-03-14,2026-03-14 16:00:00,Beauty,3,137.2,0.05,391.02,Cash on Delivery,Processing,N,may.pattanakul67@example.com,False,Original,Chonburi,False,Original,False,True,391.02,0.0,False,391.02,True,False,391.02,2026-03-14,2026-03-14 16:00:00,16.0,False
T900001,C0173,Tee Wongsa,tee.wongsa173@example.com,M,Phuket,2026-02-03,2026-02-03 03:00:00,Beauty,3,286.06,0.0,858.18,Bank Transfer,Returned,N,tee.wongsa173@example.com,False,Original,Phuket,False,Original,False,True,858.18,0.0,False,858.18,True,False,858.18,2026-02-03,2026-02-03 03:00:00,3.0,False
T000532,C0010,Beam Sukjai,beam.sukjai10@example.com,M,Phuket,2026-06-27,2026-06-27 06:00:00,Electronics,3,148.42,0.1,400.73,Unknown,Cancelled,N,beam.sukjai10@example.com,False,Original,Phuket,False,Original,False,True,400.73,0.0,False,400.73,True,False,400.73,2026-06-27,2026-06-27 06:00:00,6.0,False
T000498,C0149,May Pattanakul,may.pattanakul149@example.com,F,Chiang Mai,2026-03-22,2026-03-22 11:00:00,Home,4,166.41,0.0,665.64,Bank Transfer,Processing,N,may.pattanakul149@example.com,False,Original,,True,Mapped_From_History,False,True,665.64,0.0,False,665.64,True,False,665.64,2026-03-22,2026-03-22 11:00:00,11.0,False
T000401,C0137,Film Boonmee,film.boonmee137@example.com,M,Khon Kaen,2026-06-10,2026-06-10 15:00:00,Fashion,1,488.78,0.2,391.02,Unknown,Processing,N,film.boonmee137@example.com,False,Original,Khon Kaen,False,Original,False,True,391.02,0.0,False,391.02,True,False,391.02,2026-06-10,2026-06-10 15:00:00,15.0,False
T000102,C0004,Tee Dechawat,tee.dechawat4@example.com,M,Bangkok,2026-06-12,2026-06-14 18:00:00,Electronics,1,144.45,0.15,122.78,Bank Transfer,Completed,Y,tee.dechawat4@example.com,False,Original,Bangkok,False,Original,False,True,122.78,1105.02,True,1227.8,True,False,122.78,2026-06-12,2026-06-14 18:00:00,66.0,True
T000509,C0071,Aom Sukjai,aom.sukjai71@example.com,M,Chanthaburi,2026-03-08,2026-03-10 10:00:00,Beauty,3,90.67,0.0,272.01,Credit Card,Returned,N,aom.sukjai71@example.com,False,Original,Chanthaburi,False,Original,False,True,272.01,0.0,False,272.01,True,False,272.01,2026-03-08,2026-03-10 10:00:00,58.0,True
T000464,C0103,Tee Phromla,tee.phromla103@example.com,F,Phuket,2026-01-19,2026-01-19 05:00:00,Food,6,260.38,0.05,1484.17,Credit Card,Cancelled,N,tee.phromla103@example.com,False,Original,Phuket,False,Original,False,True,1484.17,0.0,False,1484.17,True,False,1484.17,2026-01-19,2026-01-19 05:00:00,5.0,False
T000354,C0152,Tee Dechawat,tee.dechawat152@example.com,M,Chanthaburi,2026-02-15,2026-02-15 19:00:00,Fashion,1,177.36,0.0,177.36,Bank Transfer,Completed,N,tee.dechawat152@example.com,False,Original,Chanthaburi,False,Original,False,True,177.36,0.0,False,177.36,True,False,177.36,2026-02-15,2026-02-15 19:00:00,19.0,False
T000358,C0069,Jane Saelim,jane.saelim69@example.com,M,Khon Kaen,2026-01-22,2026-01-22 04:00:00,Electronics,2,327.93,0.05,623.07,PromptPay,Cancelled,N,jane.saelim69@example.com,False,Original,Khon Kaen,False,Original,False,True,623.07,0.0,False,623.07,True,False,623.07,2026-01-22,2026-01-22 04:00:00,4.0,False
T000583,C0119,Boss Khamdee,boss.khamdee119@example.com,M,Khon Kaen,2026-03-05,2026-05-03 17:00:00,Fashion,1,149.8,0.2,119.84,Credit Card,Completed,N,boss.khamdee119@example.com,False,Original,Khon Kaen,False,Original,False,True,119.84,0.0,False,119.84,True,False,119.84,2026-03-05,2026-05-03 17:00:00,1433.0,True
T000542,C0104,May Srisawat,may.srisawat104@example.com,F,Chonburi,2026-02-28,2026-02-28 05:00:00,Sports,5,199.81,0.05,949.1,PromptPay,Completed,N,may.srisawat104@example.com,False,Original,Chonburi,False,Original,False,True,949.1,0.0,False,949.1,True,False,949.1,2026-02-28,2026-02-28 05:00:00,5.0,False
T000183,C0001,Tee Saelim,tee.saelim1@example.com,F,Bangkok,2026-04-15,2026-04-15 09:00:00,Home,4,167.56,0.0,670.24,Bank Transfer,Processing,N,tee.saelim1@example.com,False,Original,Bangkok,False,Original,False,True,670.24,0.0,False,670.24,True,False,670.24,2026-04-15,2026-04-15 09:00:00,9.0,False
T000158,C0049,Gun Dechawat,gun.dechawat49@example.com,F,Nakhon Ratchasima,2026-02-13,2026-02-13 07:00:00,Food,6,175.83,0.1,949.48,PromptPay,Returned,N,gun.dechawat49@example.com,False,Original,Nakhon Ratchasima,False,Original,False,True,949.48,0.0,False,949.48,True,False,949.48,2026-02-13,2026-02-13 07:00:00,7.0,False
T000117,C0025,Mook Srisawat,mook.srisawat25@example.com,M,Nakhon Ratchasima,2026-02-28,2026-02-28 02:00:00,Fashion,5,202.7,0.2,810.8,PromptPay,Returned,N,mook.srisawat25@example.com,False,Original,Nakhon Ratchasima,False,Original,False,True,810.8,116.46999999999991,True,694.33,True,False,810.8,2026-02-28,2026-02-28 02:00:00,2.0,False
T000213,C0013,Narin Wongsa,narin.wongsa13@example.com,F,Khon Kaen,2026-05-21,2026-05-25 19:00:00,Sports,5,284.47,0.1,1280.12,Cash on Delivery,Processing,N,narin.wongsa13@example.com,False,Original,Khon Kaen,False,Original,False,True,1280.12,0.0,False,1280.12,True,False,1280.12,2026-05-21,2026-05-25 19:00:00,115.0,True
T000577,C0007,Jane Saelim,jane.saelim7@example.com,M,Chiang Mai,2026-03-09,2026-03-09 03:00:00,Home,2,376.66,0.2,602.66,Cash on Delivery,Processing,Y,jane.saelim7@example.com,False,Original,Chiang Mai,False,Original,False,True,602.66,0.0,False,602.66,True,False,602.66,2026-03-09,2026-03-09 03:00:00,3.0,False
T000203,C0070,Pim Chaiyo,pim.chaiyo70@example.com,M,Khon Kaen,2026-05-22,2026-05-22 19:00:00,Home,2,114.35,0.05,217.26,PromptPay,Processing,N,pim.chaiyo70@example.com,False,Original,Khon Kaen,False,Original,False,True,217.26,0.0,False,217.26,True,False,217.26,2026-05-22,2026-05-22 19:00:00,19.0,False
T000320,C0017,Mook Rattanakul,mook.rattanakul17@example.com,F,Khon Kaen,2026-02-23,2026-02-23 17:00:00,Sports,6,333.51,0.0,2001.06,PromptPay,Processing,N,mook.rattanakul17@example.com,False,Original,Khon Kaen,False,Original,False,True,2001.06,0.0,False,2001.06,True,False,2001.06,2026-02-23,2026-02-23 17:00:00,17.0,False
T000315,C0029,Aom Pattanakul,aom.pattanakul29@example.com,F,Bangkok,2026-03-17,2026-03-17 12:00:00,Beauty,5,247.85,0.0,1239.25,Unknown,Cancelled,N,aom.pattanakul29@example.com,False,Original,Bangkok,False,Original,False,True,1239.25,0.0,False,1239.25,True,False,1239.25,2026-03-17,2026-03-17 12:00:00,12.0,False
T000410,C0172,Beam Saelim,beam.saelim172@example.com,F,Rayong,2026-02-05,2026-02-05 10:00:00,Food,2,64.3,0.1,115.74,Unknown,Returned,N,beam.saelim172@example.com,False,Original,Rayong,False,Original,False,True,115.74,0.0,False,115.74,True,False,115.74,2026-02-05,2026-02-05 10:00:00,10.0,False
T000121,C0141,Korn Phromla,korn.phromla141@example.com,M,Khon Kaen,2026-01-22,2026-01-22 07:00:00,Fashion,1,76.25,0.05,72.44,Unknown,Completed,N,korn.phromla141@example.com,False,Original,Khon Kaen,False,Original,False,True,72.44,0.0,False,72.44,True,False,72.44,2026-01-22,2026-01-22 07:00:00,7.0,False
T000210,C0044,Gun Phromla,gun.phromla44@example.com,F,Chonburi,2026-03-28,2026-03-28 02:00:00,Electronics,6,213.42,0.15,1088.44,Bank Transfer,Completed,N,gun.phromla44@example.com,False,Original,Chonburi,False,Original,False,True,1088.44,0.0,False,1088.44,True,False,1088.44,2026-03-28,2026-03-28 02:00:00,2.0,False
T000319,C0123,Ploy Khamdee,ploy.khamdee123@example.com,F,Chanthaburi,2026-04-14,2026-04-14 11:00:00,Electronics,6,312.61,0.1,1688.09,Bank Transfer,Returned,N,ploy.khamdee123@example.com,False,Original,Chanthaburi,False,Original,False,True,1688.09,0.0,False,1688.09,True,False,1688.09,2026-04-14,2026-04-14 11:00:00,11.0,False
T000352,C0081,Film Srisawat,film.srisawat81@example.com,M,Chonburi,2026-05-12,2026-05-12 01:00:00,Sports,1,316.91,0.0,316.91,Unknown,Completed,N,film.srisawat81@example.com,False,Original,Chonburi,False,Original,False,True,316.91,0.0,False,316.91,True,False,316.91,2026-05-12,2026-05-12 01:00:00,1.0,False
T000292,C0080,May Kittikul,may.kittikul80@example.com,F,Khon Kaen,2026-06-24,2026-06-24 07:00:00,Fashion,2,299.01,0.1,538.22,Cash on Delivery,Cancelled,N,may.kittikul80@example.com,False,Original,Khon Kaen,False,Original,False,True,538.22,0.0,False,538.22,True,False,538.22,2026-06-24,2026-06-24 07:00:00,7.0,False
T000051,C0162,Aom Dechawat,aom.dechawat162@example.com,M,Rayong,2026-05-22,2026-05-22 15:00:00,Food,6,147.08,0.1,794.23,Cash on Delivery,Processing,N,aom.dechawat162@example.com,False,Original,Rayong,False,Original,False,True,794.23,0.0,False,794.23,True,False,794.23,2026-05-22,2026-05-22 15:00:00,15.0,False
T000295,C0060,Tee Maneerat,tee.maneerat60@example.com,M,Rayong,2026-02-16,2026-02-16 13:00:00,Food,4,521.86,0.15,1774.32,Unknown,Completed,N,tee.maneerat60@example.com,False,Original,Rayong,False,Original,False,True,1774.32,0.0,False,1774.32,True,False,1774.32,2026-02-16,2026-02-16 13:00:00,13.0,False
T000027,C0173,Tee Wongsa,tee.wongsa173@example.com,M,Phuket,2026-06-13,2026-06-13 12:00:00,Home,3,254.83,0.0,764.49,Cash on Delivery,Processing,N,tee.wongsa173@example.com,False,Original,Phuket,False,Original,False,True,764.49,0.0,False,764.49,True,False,764.49,2026-06-13,2026-06-13 12:00:00,12.0,False
T000477,C0139,Gun Phromla,gun.phromla139@example.com,M,Nakhon Ratchasima,2026-03-19,2026-03-19 06:00:00,Fashion,5,73.37,0.0,366.85,Unknown,Returned,N,gun.phromla139@example.com,False,Original,Nakhon Ratchasima,False,Original,False,True,366.85,0.0,False,366.85,True,False,366.85,2026-03-19,2026-03-19 06:00:00,6.0,False
T000045,C0075,Ice Maneerat,ice.maneerat75@example.com,F,Bangkok,2026-05-30,2026-05-30 06:00:00,Home,3,347.59,0.1,938.49,Unknown,Completed,N,ice.maneerat75@example.com,False,Original,Bangkok,False,Original,False,True,938.49,0.0,False,938.49,True,False,938.49,2026-05-30,2026-05-30 06:00:00,6.0,False
T000367,C0123,Ploy Khamdee,ploy.khamdee123@example.com,F,Chanthaburi,2026-06-16,2026-06-16 09:00:00,Food,5,227.44,0.1,1023.48,Unknown,Cancelled,N,ploy.khamdee123@example.com,False,Original,Chanthaburi,False,Original,False,True,1023.48,0.0,False,1023.48,True,False,1023.48,2026-06-16,2026-06-16 09:00:00,9.0,False
T000398,C0069,Jane Saelim,jane.saelim69@example.com,M,Khon Kaen,2026-05-15,2026-05-19 00:00:00,Food,5,205.91,0.0,1029.55,PromptPay,Cancelled,N,jane.saelim69@example.com,False,Original,Khon Kaen,False,Original,False,True,1029.55,0.0,False,1029.55,True,False,1029.55,2026-05-15,2026-05-19 00:00:00,96.0,True
T000327,C0048,Boss Dechawat,boss.dechawat48@example.com,F,Rayong,2026-03-12,2026-03-12 13:00:00,Food,2,180.15,0.15,306.26,Bank Transfer,Completed,N,boss.dechawat48@example.com,False,Original,Rayong,False,Original,False,True,306.26,0.009999999999990905,False,306.25,True,False,306.26,2026-03-12,2026-03-12 13:00:00,13.0,False
T000555,C0019,Korn Dechawat,korn.dechawat19@example.com,M,Nakhon Ratchasima,2026-06-13,2026-06-15 01:00:00,Electronics,4,473.76,0.2,1516.03,Cash on Delivery,Returned,N,korn.dechawat19@example.com,False,Original,Nakhon Ratchasima,False,Original,False,True,1516.03,0.0,False,1516.03,True,False,1516.03,2026-06-13,2026-06-15 01:00:00,49.0,True
T000090,C0109,Jane Thongdee,jane.thongdee109@example.com,F,Bangkok,2026-05-14,2026-05-14 04:00:00,Sports,4,255.94,0.0,1023.76,PromptPay,Returned,N,jane.thongdee109@example.com,False,Original,Bangkok,False,Original,False,True,1023.76,0.0,False,1023.76,True,False,1023.76,2026-05-14,2026-05-14 04:00:00,4.0,False
T000197,C0109,Jane Thongdee,jane.thongdee109@example.com,F,Bangkok,2026-02-02,2026-02-02 05:00:00,Home,2,210.54,0.0,421.08,Credit Card,Cancelled,N,jane.thongdee109@example.com,False,Original,Bangkok,False,Original,False,True,421.08,0.0,False,421.08,True,False,421.08,2026-02-02,2026-02-02 05:00:00,5.0,False
T000107,C0087,May Sukjai,may.sukjai87@example.com,M,Chanthaburi,2026-06-13,2026-06-13 07:00:00,Home,4,125.39,0.0,501.56,Credit Card,Processing,N,may.sukjai87@example.com,False,Original,Chanthaburi,False,Original,False,True,501.56,0.0,False,501.56,True,False,501.56,2026-06-13,2026-06-13 07:00:00,7.0,False
T000569,C0086,Korn Dechawat,korn.dechawat86@example.com,F,Nakhon Ratchasima,2026-05-06,2026-05-06 19:00:00,Food,3,181.97,0.1,491.32,Bank Transfer,Cancelled,N,korn.dechawat86@example.com,False,Original,Nakhon Ratchasima,False,Original,False,True,491.32,161.04000000000002,True,330.28,True,False,491.32,2026-05-06,2026-05-06 19:00:00,19.0,False
T000095,C0142,Ploy Maneerat,ploy.maneerat142@example.com,F,Chiang Mai,2026-05-09,2026-05-09 17:00:00,Electronics,6,571.14,0.0,2088.6400000000003,Unknown,Cancelled,N,ploy.maneerat142@example.com,False,Original,Chiang Mai,False,Original,False,True,3426.84,0.0,False,3426.84,True,True,3426.84,2026-05-09,2026-05-09 17:00:00,17.0,False
T000317,C0036,Film Maneerat,film.maneerat36@example.com,F,Chonburi,2026-03-30,2026-03-30 14:00:00,Beauty,6,159.05,0.0,954.3,Credit Card,Returned,N,film.maneerat36@example.com,False,Original,Chonburi,False,Original,False,True,954.3,0.0,False,954.3,True,False,954.3,2026-03-30,2026-03-30 14:00:00,14.0,False
T000024,C0141,Korn Phromla,korn.phromla141@example.com,M,Khon Kaen,2026-04-17,2026-04-17 01:00:00,Sports,5,212.22,0.05,1008.04,Credit Card,Cancelled,N,korn.phromla141@example.com,False,Original,Khon Kaen,False,Original,False,True,1008.04,0.0,False,1008.04,True,False,1008.04,2026-04-17,2026-04-17 01:00:00,1.0,False
T000088,C0047,Ploy Saelim,ploy.saelim47@example.com,F,Khon Kaen,2026-04-11,2026-04-11 17:00:00,Electronics,3,383.05,0.0,1149.15,Bank Transfer,Returned,N,ploy.saelim47@example.com,False,Original,Khon Kaen,False,Original,False,True,1149.15,0.0,False,1149.15,True,False,1149.15,2026-04-11,2026-04-11 17:00:00,17.0,False
T900011,C0047,Ploy  Saelim,ploy.saelim47@example.com,F,Khon Kaen,2026-05-18,2026-05-18 17:00:00,Home,2,149.97,0.05,284.94,Bank Transfer,Processing,N,ploy.saelim47@example.com,False,Original,Khon Kaen,False,Original,False,True,284.94,0.0,False,284.94,True,False,284.94,2026-05-18,2026-05-18 17:00:00,17.0,False
T000473,C0052,Gun Dechawat,gun.dechawat52@example.com,F,Rayong,2026-04-22,2026-04-22 02:00:00,Electronics,1,284.44,0.15,241.77,Unknown,Processing,N,gun.dechawat52@example.com,False,Original,Rayong,False,Original,False,True,241.77,0.0,False,241.77,True,False,241.77,2026-04-22,2026-04-22 02:00:00,2.0,False
T000165,C0043,Beam Rattanakul,beam.rattanakul43@example.com,M,Bangkok,2026-06-07,2026-06-07 12:00:00,Sports,6,208.96,0.1,1128.38,Bank Transfer,Returned,N,beam.rattanakul43@example.com,False,Original,Bangkok,False,Original,False,True,1128.38,0.0,False,1128.38,True,False,1128.38,2026-06-07,2026-06-07 12:00:00,12.0,False
T000097,C0158,Nont Kittikul,nont.kittikul158@example.com,M,Nakhon Ratchasima,2026-01-05,2026-01-05 19:00:00,Food,4,175.75,0.0,703.0,Credit Card,Completed,N,nont.kittikul158@example.com,False,Original,Nakhon Ratchasima,False,Original,False,True,703.0,0.0,False,703.0,True,False,703.0,2026-01-05,2026-01-05 19:00:00,19.0,False
T000054,C0012,Mint Pattanakul,mint.pattanakul12@example.com,M,Chiang Mai,2026-02-27,2026-02-27 13:00:00,Sports,3,305.63,0.05,871.05,PromptPay,Processing,N,mint.pattanakul12@example.com,False,Original,Chiang Mai,False,Original,False,True,871.05,0.0,False,871.05,True,False,871.05,2026-02-27,2026-02-27 13:00:00,13.0,False
T000486,C0178,Anan Wongsa,anan.wongsa178@example.com,M,Khon Kaen,2026-04-15,2026-04-19 05:00:00,Fashion,6,156.07,0.0,936.42,Unknown,Processing,N,anan.wongsa178@example.com,False,Original,Khon Kaen,False,Original,False,True,936.42,0.0,False,936.42,True,False,936.42,2026-04-15,2026-04-19 05:00:00,101.0,True
T000488,C0110,Mook Srisawat,mook.srisawat110@example.com,F,Nakhon Ratchasima,2026-04-18,2026-04-18 01:00:00,Food,1,269.19,0.1,242.27,Bank Transfer,Returned,N,mook.srisawat110@example.com,False,Original,Nakhon Ratchasima,False,Original,False,True,242.27,0.0,False,242.27,True,False,242.27,2026-04-18,2026-04-18 01:00:00,1.0,False
T000214,C0156,Beam Kittikul,beam.kittikul156@example.com,M,Chanthaburi,2026-06-26,2026-06-26 02:00:00,Sports,5,130.87,0.2,523.48,Bank Transfer,Returned,N,beam.kittikul156@example.com,False,Original,Chanthaburi,False,Original,False,True,523.48,0.0,False,523.48,True,False,523.48,2026-06-26,2026-06-26 02:00:00,2.0,False
T000231,C0156,Beam Kittikul,beam.kittikul156@example.com,M,Chanthaburi,2026-02-23,2026-02-23 08:00:00,Home,2,141.82,0.0,283.64,Bank Transfer,Processing,N,beam.kittikul156@example.com,False,Original,Chanthaburi,False,Original,False,True,283.64,0.0,False,283.64,True,False,283.64,2026-02-23,2026-02-23 08:00:00,8.0,False
T000037,C0068,Beam Sukjai,beam.sukjai68@example.com,F,Bangkok,2026-02-04,2026-02-04 04:00:00,Sports,4,365.29,0.0,1461.16,Credit Card,Completed,N,beam.sukjai68@example.com,False,Original,Bangkok,False,Original,False,True,1461.16,0.0,False,1461.16,True,False,1461.16,2026-02-04,2026-02-04 04:00:00,4.0,False
T000543,C0179,Jane Chaiyo,jane.chaiyo179@example.com,F,Chanthaburi,2026-01-06,2026-06-01 19:00:00,Sports,6,300.46,0.0,1802.76,PromptPay,Unknown,N,jane.chaiyo179@example.com,False,Original,Chanthaburi,False,Original,False,True,1802.76,0.0,False,1802.76,False,False,1802.76,2026-01-06,2026-06-01 19:00:00,3523.0,True
T000414,C0030,May Thongdee,may.thongdee30@example.com,M,Nakhon Ratchasima,2026-04-10,2026-04-10 07:00:00,Electronics,3,158.95,0.0,476.85,Bank Transfer,Cancelled,N,may.thongdee30@example.com,False,Original,Nakhon Ratchasima,False,Original,False,True,476.85,0.0,False,476.85,True,False,476.85,2026-04-10,2026-04-10 07:00:00,7.0,False
T000038,C0129,Ploy Chaiyo,Unknown,M,Bangkok,2026-01-06,2026-01-06 17:00:00,Beauty,4,211.89,0.1,762.8,Unknown,Completed,N,,True,Unknown_Placeholder,Bangkok,False,Original,False,True,762.8,0.0,False,762.8,True,False,762.8,2026-01-06,2026-01-06 17:00:00,17.0,False
T000143,C0169,Boss Kittikul,boss.kittikul169@example.com,M,Nakhon Ratchasima,2026-05-06,2026-05-06 13:00:00,Sports,3,161.97,0.0,485.91,Credit Card,Cancelled,N,boss.kittikul169@example.com,False,Original,Nakhon Ratchasima,False,Original,False,True,485.91,0.0,False,485.91,True,False,485.91,2026-05-06,2026-05-06 13:00:00,13.0,False
T000140,C0174,Ploy Kittikul,ploy.kittikul174@example.com,M,Chiang Mai,2026-02-03,2026-03-02 13:00:00,Sports,5,138.85,0.1,624.83,PromptPay,Completed,N,,True,Mapped_From_History,Chiang Mai,False,Original,False,True,624.83,0.0,False,624.83,True,False,624.83,2026-02-03,2026-03-02 13:00:00,661.0,True
T000220,C0178,Anan Wongsa,anan.wongsa178@example.com,M,Khon Kaen,2026-03-18,2026-03-18 06:00:00,Home,1,221.19,0.05,210.13,Cash on Delivery,Completed,N,anan.wongsa178@example.com,False,Original,Khon Kaen,False,Original,False,True,210.13,0.0,False,210.13,True,False,210.13,2026-03-18,2026-03-18 06:00:00,6.0,False
T000014,C0144,Gun Sukjai,gun.sukjai144@example.com,M,Phuket,2026-01-29,2026-01-29 18:00:00,Home,3,172.11,0.0,516.33,Bank Transfer,Processing,N,,True,Mapped_From_History,Phuket,False,Original,False,True,516.33,0.0,False,516.33,True,False,516.33,2026-01-29,2026-01-29 18:00:00,18.0,False
T000272,C0029,Aom Pattanakul,aom.pattanakul29@example.com,F,Bangkok,2026-04-27,2026-04-27 10:00:00,Sports,3,185.42,0.0,556.26,PromptPay,Cancelled,N,aom.pattanakul29@example.com,False,Original,Bangkok,False,Original,False,True,556.26,0.0,False,556.26,True,False,556.26,2026-04-27,2026-04-27 10:00:00,10.0,False
T000534,C0086,Korn Dechawat,korn.dechawat86@example.com,F,Nakhon Ratchasima,2026-06-18,2026-06-18 01:00:00,Fashion,6,259.77,0.05,1480.69,Credit Card,Cancelled,N,korn.dechawat86@example.com,False,Original,Nakhon Ratchasima,False,Original,False,True,1480.69,0.0,False,1480.69,True,False,1480.69,2026-06-18,2026-06-18 01:00:00,1.0,False
T000582,C0034,Fah Pattanakul,fah.pattanakul34@example.com,M,Chiang Mai,2026-03-21,2026-03-21 02:00:00,Electronics,4,138.78,0.0,555.12,PromptPay,Processing,N,fah.pattanakul34@example.com,False,Original,Chiang Mai,False,Original,False,True,555.12,0.0,False,555.12,True,False,555.12,2026-03-21,2026-03-21 02:00:00,2.0,False
T000001,C0132,Fah Saelim,fah.saelim132@example.com,M,Khon Kaen,2026-02-10,2026-02-10 02:00:00,Electronics,4,199.57,0.0,798.28,Credit Card,Completed,N,fah.saelim132@example.com,False,Original,Khon Kaen,False,Original,False,True,798.28,0.0,False,798.28,True,False,798.28,2026-02-10,2026-02-10 02:00:00,2.0,False
T000346,C0127,Fah Rattanakul,fah.rattanakul127@example.com,F,Rayong,2026-05-26,2026-05-26 08:00:00,Beauty,6,301.38,0.0,1808.28,Credit Card,Cancelled,N,fah.rattanakul127@example.com,False,Original,Rayong,False,Original,False,True,1808.28,0.0,False,1808.28,True,False,1808.28,2026-05-26,2026-05-26 08:00:00,8.0,False
T000529,C0179,Jane Chaiyo,jane.chaiyo179@example.com,F,Chanthaburi,2026-03-20,2026-03-20 07:00:00,Home,5,386.42,0.2,1545.68,Credit Card,Returned,N,jane.chaiyo179@example.com,False,Original,Chanthaburi,False,Original,False,True,1545.68,0.0,False,1545.68,True,False,1545.68,2026-03-20,2026-03-20 07:00:00,7.0,False
T000435,C0026,Mook Wongsa,mook.wongsa26@example.com,M,Chiang Mai,2026-03-08,2026-03-12 16:00:00,Beauty,5,120.9,0.1,544.05,Cash on Delivery,Returned,N,mook.wongsa26@example.com,False,Original,Chiang Mai,False,Original,False,True,544.05,0.0,False,544.05,True,False,544.05,2026-03-08,2026-03-12 16:00:00,112.0,True
T000574,C0041,Tee Chaiyo,tee.chaiyo41@example.com,M,Chonburi,2026-06-22,2026-06-22 08:00:00,Fashion,0,189.02,0.2,0.0,Credit Card,Cancelled,N,tee.chaiyo41@example.com,False,Original,Chonburi,False,Original,False,False,0.0,151.22,True,151.22,True,False,0.0,2026-06-22,2026-06-22 08:00:00,8.0,False
T000413,C0047,Ploy Saelim,ploy.saelim47@example.com,F,Khon Kaen,2026-04-11,2026-04-11 13:00:00,Food,1,439.01,0.1,395.11,Bank Transfer,Returned,N,ploy.saelim47@example.com,False,Original,Khon Kaen,False,Original,False,True,395.11,0.0,False,395.11,True,False,395.11,2026-04-11,2026-04-11 13:00:00,13.0,False
T000111,C0105,Korn Sukjai,korn.sukjai105@example.com,F,Rayong,2026-01-28,2026-01-28 04:00:00,Beauty,3,163.24,0.0,489.72,Bank Transfer,Completed,N,korn.sukjai105@example.com,False,Original,Rayong,False,Original,False,True,489.72,0.0,False,489.72,True,False,489.72,2026-01-28,2026-01-28 04:00:00,4.0,False
T000513,C0023,Beam Boonmee,beam.boonmee23@example.com,M,Khon Kaen,2026-03-09,2026-03-09 05:00:00,Electronics,5,288.21,0.05,1369.0,PromptPay,Completed,Y,beam.boonmee23@example.com,False,Original,Khon Kaen,False,Original,False,True,1369.0,0.0,False,1369.0,True,False,1369.0,2026-03-09,2026-03-09 05:00:00,5.0,False
T000104,C0065,Pim Srisawat,pim.srisawat65@example.com,M,Nakhon Ratchasima,2026-01-07,2026-01-07 12:00:00,Electronics,3,340.28,0.05,969.8,Cash on Delivery,Processing,N,pim.srisawat65@example.com,False,Original,Nakhon Ratchasima,False,Original,False,True,969.8,0.0,False,969.8,True,False,969.8,2026-01-07,2026-01-07 12:00:00,12.0,False
T000393,C0040,Pim Srisawat,pim.srisawat40@example.com,M,Rayong,2026-02-13,2026-02-13 09:00:00,Fashion,6,90.22,0.0,541.32,Bank Transfer,Completed,N,pim.srisawat40@example.com,False,Original,Rayong,False,Original,False,True,541.32,542.32,True,-1.0,True,False,541.32,2026-02-13,2026-02-13 09:00:00,9.0,False
T000196,C0089,May Sukjai,may.sukjai89@example.com,F,Chiang Mai,2026-04-18,2026-04-18 06:00:00,Home,2,166.53,0.1,299.75,Bank Transfer,Returned,N,may.sukjai89@example.com,False,Original,,True,Mapped_From_History,False,True,299.75,0.0,False,299.75,True,False,299.75,2026-04-18,2026-04-18 06:00:00,6.0,False
T000375,C0108,Anan Khamdee,anan.khamdee108@example.com,M,Nakhon Ratchasima,2026-01-09,2026-01-09 09:00:00,Fashion,6,480.57,0.0,2088.6400000000003,Cash on Delivery,Completed,N,anan.khamdee108@example.com,False,Original,Nakhon Ratchasima,False,Original,False,True,2883.42,0.0,False,2883.42,True,True,2883.42,2026-01-09,2026-01-09 09:00:00,9.0,False
T000306,C0136,Nont Kittikul,nont.kittikul136@example.com,F,Khon Kaen,2026-04-22,2026-04-22 04:00:00,Beauty,4,74.59,0.2,238.69,Credit Card,Processing,N,nont.kittikul136@example.com,False,Original,Khon Kaen,False,Original,False,True,238.69,0.0,False,238.69,True,False,238.69,2026-04-22,2026-04-22 04:00:00,4.0,False
T000442,C0136,Nont Kittikul,nont.kittikul136@example.com,F,Khon Kaen,2026-01-30,2026-01-30 13:00:00,Fashion,5,329.1,0.15,1398.68,Unknown,Completed,N,,True,Mapped_From_History,Khon Kaen,False,Original,False,True,1398.68,0.009999999999990905,False,1398.67,True,False,1398.68,2026-01-30,2026-01-30 13:00:00,13.0,False
T000337,C0096,Korn Dechawat,korn.dechawat96@example.com,M,Chonburi,2026-05-13,2026-05-13 19:00:00,Electronics,3,373.15,0.0,1119.45,Credit Card,Cancelled,N,korn.dechawat96@example.com,False,Original,Chonburi,False,Original,False,True,1119.45,0.0,False,1119.45,True,False,1119.45,2026-05-13,2026-05-13 19:00:00,19.0,False
T000012,C0032,Bank Dechawat,bank.dechawat32@example.com,F,Nakhon Ratchasima,2026-04-02,2026-04-02 12:00:00,Fashion,4,303.9,0.15,1033.26,Credit Card,Returned,N,bank.dechawat32@example.com,False,Original,Nakhon Ratchasima,False,Original,False,True,1033.26,0.0,False,1033.26,True,False,1033.26,2026-04-02,2026-04-02 12:00:00,12.0,False
T000444,C0014,Beam Thongdee,beam.thongdee14@example.com,M,Chonburi,2026-02-03,2026-03-02 14:00:00,Food,2,466.56,0.0,933.12,Cash on Delivery,Returned,N,beam.thongdee14@example.com,False,Original,Chonburi,False,Original,False,True,933.12,0.0,False,933.12,True,False,933.12,2026-02-03,2026-03-02 14:00:00,662.0,True
T000537,C0072,Tee Lertprasert,tee.lertprasert72@example.com,F,Chanthaburi,2026-04-15,2026-04-15 12:00:00,Fashion,4,351.31,0.2,1124.19,Credit Card,Completed,N,tee.lertprasert72@example.com,False,Original,Chanthaburi,False,Original,False,True,1124.19,0.0,False,1124.19,True,False,1124.19,2026-04-15,2026-04-15 12:00:00,12.0,False
T000525,C0080,May Kittikul,may.kittikul80@example.com,F,Khon Kaen,2026-04-16,2026-04-16 16:00:00,Fashion,3,670.66,0.0,2011.98,Cash on Delivery,Cancelled,N,,True,Mapped_From_History,Khon Kaen,False,Original,False,True,2011.98,0.0,False,2011.98,True,False,2011.98,2026-04-16,2026-04-16 16:00:00,16.0,False
T000461,C0008,Ice Rattanakul,ice.rattanakul8@example.com,M,Chiang Mai,2026-02-18,2026-02-18 10:00:00,Home,5,538.57,0.0,2088.6400000000003,Credit Card,Completed,N,ice.rattanakul8@example.com,False,Original,Chiang Mai,False,Original,False,True,2692.85,0.0,False,2692.85,True,True,2692.85,2026-02-18,2026-02-18 10:00:00,10.0,False
T000483,C0167,Anan Sukjai,anan.sukjai167@example.com,M,Nakhon Ratchasima,2026-02-18,2026-02-18 02:00:00,Home,2,132.25,0.05,251.27,Unknown,Cancelled,N,anan.sukjai167@example.com,False,Original,Nakhon Ratchasima,False,Original,False,True,251.27,0.0,False,251.27,True,False,251.27,2026-02-18,2026-02-18 02:00:00,2.0,False
T000484,C0016,Korn Lertprasert,korn.lertprasert16@example.com,M,Khon Kaen,2026-03-29,2026-03-29 10:00:00,Electronics,1,152.78,0.05,145.14,Bank Transfer,Completed,N,,True,Mapped_From_History,Khon Kaen,False,Original,False,True,145.14,0.0,False,145.14,True,False,145.14,2026-03-29,2026-03-29 10:00:00,10.0,False
T000321,C0169,Boss Kittikul,boss.kittikul169@example.com,M,Nakhon Ratchasima,2026-01-20,2026-01-20 14:00:00,Fashion,6,199.84,0.1,1079.14,Unknown,Processing,N,boss.kittikul169@example.com,False,Original,Nakhon Ratchasima,False,Original,False,True,1079.14,0.0,False,1079.14,True,False,1079.14,2026-01-20,2026-01-20 14:00:00,14.0,False
T000585,C0144,Gun Sukjai,gun.sukjai144@example.com,M,Phuket,2026-02-26,2026-02-26 17:00:00,Home,6,173.04,0.1,934.42,PromptPay,Returned,N,gun.sukjai144@example.com,False,Original,Phuket,False,Original,False,True,934.42,0.0,False,934.42,True,False,934.42,2026-02-26,2026-02-26 17:00:00,17.0,False
T900004,C0144,Gun Sukjai,gun.sukjai144@example.com,M,Phuket,2026-06-15,2026-06-15 19:00:00,Fashion,4,307.1,0.1,1105.56,Credit Card,Returned,N,gun.sukjai144@example.com,False,Original,Phuket,False,Original,False,True,1105.56,425.40999999999997,True,680.15,True,False,1105.56,2026-06-15,2026-06-15 19:00:00,19.0,False
T000308,C0141,Korn Phromla,korn.phromla141@example.com,M,Khon Kaen,2026-03-06,2026-03-06 09:00:00,Electronics,6,147.42,0.0,884.52,Cash on Delivery,Completed,N,korn.phromla141@example.com,False,Original,Khon Kaen,False,Original,False,True,884.52,0.0,False,884.52,True,False,884.52,2026-03-06,2026-03-06 09:00:00,9.0,False
T000331,C0026,Mook Wongsa,mook.wongsa26@example.com,M,Chiang Mai,2026-02-20,2026-02-20 19:00:00,Sports,4,132.13,0.05,502.09,Unknown,Cancelled,N,mook.wongsa26@example.com,False,Original,Chiang Mai,False,Original,False,True,502.09,0.0,False,502.09,True,False,502.09,2026-02-20,2026-02-20 19:00:00,19.0,False
T000334,C0033,Pim Srisawat,pim.srisawat33@example.com,M,Rayong,2026-02-27,2026-02-27 02:00:00,Electronics,1,479.61,0.15,407.67,PromptPay,Returned,N,pim.srisawat33@example.com,False,Original,Rayong,False,Original,False,True,407.67,0.0,False,407.67,True,False,407.67,2026-02-27,2026-02-27 02:00:00,2.0,False
T000276,C0006,Pim Khamdee,pim.khamdee6@example.com,M,Nakhon Ratchasima,2026-05-19,2026-05-19 11:00:00,Fashion,6,118.86,0.1,641.84,Cash on Delivery,Completed,N,,True,Mapped_From_History,Nakhon Ratchasima,False,Original,False,True,641.84,0.0,False,641.84,True,False,641.84,2026-05-19,2026-05-19 11:00:00,11.0,False
T000380,C0020,New Chaiyo,new.chaiyo20@example.com,M,Phuket,2026-04-12,2026-04-12 13:00:00,Fashion,1,147.16,0.05,139.8,Credit Card,Completed,N,new.chaiyo20@example.com,False,Original,,True,Mapped_From_History,False,True,139.8,0.0,False,139.8,True,False,139.8,2026-04-12,2026-04-12 13:00:00,13.0,False
T000593,C0138,Mint Dechawat,mint.dechawat138@example.com,M,Khon Kaen,2026-06-11,2026-06-11 13:00:00,Electronics,6,164.61,0.05,938.28,Bank Transfer,Completed,N,mint.dechawat138@example.com,False,Original,Khon Kaen,False,Original,False,True,938.28,0.0,False,938.28,True,False,938.28,2026-06-11,2026-06-11 13:00:00,13.0,False
T000228,C0111,New Rattanakul,new.rattanakul111@example.com,M,Bangkok,2026-03-25,2026-03-25 02:00:00,Electronics,4,72.06,0.1,259.42,Bank Transfer,Processing,N,new.rattanakul111@example.com,False,Original,Bangkok,False,Original,False,True,259.42,0.0,False,259.42,True,False,259.42,2026-03-25,2026-03-25 02:00:00,2.0,False
T000405,C0126,Ploy Maneerat,ploy.maneerat126@example.com,F,Phuket,2026-04-25,2026-04-25 11:00:00,Sports,2,136.56,0.15,232.15,PromptPay,Returned,N,ploy.maneerat126@example.com,False,Original,Phuket,False,Original,False,True,232.15,0.0,False,232.15,True,False,232.15,2026-04-25,2026-04-25 11:00:00,11.0,False
T000403,C0076,Pim Phromla,pim.phromla76@example.com,M,Chanthaburi,2026-03-11,2026-03-11 02:00:00,Home,5,776.68,0.1,2088.6400000000003,Bank Transfer,Cancelled,N,pim.phromla76@example.com,False,Original,Chanthaburi,False,Original,False,True,3495.06,0.0,False,3495.06,True,True,3495.06,2026-03-11,2026-03-11 02:00:00,2.0,False
T000482,C0067,May Pattanakul,may.pattanakul67@example.com,M,Chonburi,2026-01-03,2026-01-03 01:00:00,Home,1,237.37,0.1,213.63,Credit Card,Cancelled,N,,True,Mapped_From_History,Chonburi,False,Original,False,True,213.63,0.0,False,213.63,True,False,213.63,2026-01-03,2026-01-03 01:00:00,1.0,False
T000270,C0160,Mint Kittikul,mint.kittikul160@example.com,F,Chiang Mai,2026-01-23,2026-01-23 04:00:00,Home,4,82.86,0.05,314.87,Cash on Delivery,Processing,N,mint.kittikul160@example.com,False,Original,Chiang Mai,False,Original,False,True,314.87,0.0,False,314.87,True,False,314.87,2026-01-23,2026-01-23 04:00:00,4.0,False
T000396,C0110,Mook Srisawat,mook.srisawat110@example.com,F,Nakhon Ratchasima,2026-01-19,2026-01-19 14:00:00,Beauty,1,195.61,0.1,176.05,Credit Card,Completed,N,mook.srisawat110@example.com,False,Original,Nakhon Ratchasima,False,Original,False,True,176.05,0.0,False,176.05,True,False,176.05,2026-01-19,2026-01-19 14:00:00,14.0,False
T000175,C0064,Ploy Thongdee,ploy.thongdee64@example.com,F,Phuket,2026-02-16,2026-02-16 03:00:00,Beauty,4,472.97,0.1,1702.69,PromptPay,Processing,N,ploy.thongdee64@example.com,False,Original,Phuket,False,Original,False,True,1702.69,0.0,False,1702.69,True,False,1702.69,2026-02-16,2026-02-16 03:00:00,3.0,False
T000347,C0157,Nont Rattanakul,nont.rattanakul157@example.com,F,Khon Kaen,2026-05-16,2026-05-16 07:00:00,Food,3,282.51,0.1,762.78,Credit Card,Returned,N,nont.rattanakul157@example.com,False,Original,Khon Kaen,False,Original,False,True,762.78,0.0,False,762.78,True,False,762.78,2026-05-16,2026-05-16 07:00:00,7.0,False
T000318,C0060,Tee Maneerat,tee.maneerat60@example.com,M,Rayong,2026-06-18,2026-06-18 11:00:00,Sports,5,119.93,0.1,539.69,PromptPay,Processing,N,tee.maneerat60@example.com,False,Original,Rayong,False,Original,False,True,539.69,0.0,False,539.69,True,False,539.69,2026-06-18,2026-06-18 11:00:00,11.0,False
T000383,C0076,Pim Phromla,pim.phromla76@example.com,M,Chanthaburi,2026-01-19,2026-01-19 01:00:00,Home,2,141.51,0.15,240.57,Credit Card,Cancelled,N,pim.phromla76@example.com,False,Original,Chanthaburi,False,Original,False,True,240.57,0.0,False,240.57,True,False,240.57,2026-01-19,2026-01-19 01:00:00,1.0,False
T000394,C0098,Film Lertprasert,film.lertprasert98@example.com,F,Khon Kaen,2026-05-06,2026-05-06 06:00:00,Food,1,206.5,0.0,206.5,Bank Transfer,Processing,Y,film.lertprasert98@example.com,False,Original,Khon Kaen,False,Original,False,True,206.5,0.0,False,206.5,True,False,206.5,2026-05-06,2026-05-06 06:00:00,6.0,False
T000397,C0106,Korn Srisawat,korn.srisawat106@example.com,M,Rayong,2026-03-24,2026-03-24 04:00:00,Food,4,106.73,0.0,426.92,Bank Transfer,Completed,N,korn.srisawat106@example.com,False,Original,Rayong,False,Original,False,True,426.92,0.0,False,426.92,True,False,426.92,2026-03-24,2026-03-24 04:00:00,4.0,False
T000240,C0007,Jane Saelim,jane.saelim7@example.com,M,Chiang Mai,2026-02-09,2026-02-09 09:00:00,Beauty,5,201.04,0.15,854.42,Cash on Delivery,Processing,N,jane.saelim7@example.com,False,Original,Chiang Mai,False,Original,False,True,854.42,0.0,False,854.42,True,False,854.42,2026-02-09,2026-02-09 09:00:00,9.0,False
T000091,C0084,Film Thongdee,film.thongdee84@example.com,F,Bangkok,2026-01-16,2026-01-16 09:00:00,Home,2,180.02,0.0,360.04,Bank Transfer,Cancelled,N,film.thongdee84@example.com,False,Original,Bangkok,False,Original,False,True,360.04,0.0,False,360.04,True,False,360.04,2026-01-16,2026-01-16 09:00:00,9.0,False
T000185,C0041,Tee Chaiyo,tee.chaiyo41@example.com,M,Chonburi,2026-04-23,2026-04-23 17:00:00,Food,1,188.03,0.15,159.83,PromptPay,Processing,N,tee.chaiyo41@example.com,False,Original,Chonburi,False,Original,False,True,159.83,0.0,False,159.83,True,False,159.83,2026-04-23,2026-04-23 17:00:00,17.0,False
T000458,C0092,Tee Wongsa,tee.wongsa92@example.com,F,Chanthaburi,2026-06-25,2026-06-25 15:00:00,Home,2,243.54,0.0,487.08,PromptPay,Cancelled,Y,tee.wongsa92@example.com,False,Original,Chanthaburi,False,Original,False,True,487.08,0.0,False,487.08,True,False,487.08,2026-06-25,2026-06-25 15:00:00,15.0,False
T000359,C0058,Anan Wongsa,anan.wongsa58@example.com,F,Khon Kaen,2026-03-26,2026-03-26 18:00:00,Beauty,5,298.54,0.0,1492.7,Bank Transfer,Completed,N,,True,Mapped_From_History,Khon Kaen,False,Original,False,True,1492.7,0.0,False,1492.7,True,False,1492.7,2026-03-26,2026-03-26 18:00:00,18.0,False
T000524,C0061,Tee Maneerat,tee.maneerat61@example.com,M,Chiang Mai,2026-03-24,2026-03-24 12:00:00,Beauty,3,162.12,0.1,437.72,Credit Card,Returned,N,,True,Mapped_From_History,Chiang Mai,False,Original,False,True,437.72,0.0,False,437.72,True,False,437.72,2026-03-24,2026-03-24 12:00:00,12.0,False
T000342,C0065,Pim Srisawat,pim.srisawat65@example.com,M,Nakhon Ratchasima,2026-06-07,2026-06-07 14:00:00,Beauty,1,55.08,0.05,52.33,Unknown,Processing,N,pim.srisawat65@example.com,False,Original,Nakhon Ratchasima,False,Original,False,True,52.33,0.0,False,52.33,True,False,52.33,2026-06-07,2026-06-07 14:00:00,14.0,False
T000022,C0111,New Rattanakul,new.rattanakul111@example.com,M,Bangkok,2026-02-04,2026-02-04 13:00:00,Food,6,91.54,0.0,549.24,PromptPay,Cancelled,N,new.rattanakul111@example.com,False,Original,Bangkok,False,Original,False,True,549.24,109.04000000000002,True,440.2,True,False,549.24,2026-02-04,2026-02-04 13:00:00,13.0,False
T000236,C0138,Mint Dechawat,mint.dechawat138@example.com,M,Khon Kaen,2026-01-15,2026-01-15 16:00:00,Electronics,2,243.3,0.1,437.94,Unknown,Returned,N,mint.dechawat138@example.com,False,Original,Khon Kaen,False,Original,False,True,437.94,0.0,False,437.94,True,False,437.94,2026-01-15,2026-01-15 16:00:00,16.0,False
T000150,C0011,Mint Rattanakul,mint.rattanakul11@example.com,F,Chanthaburi,2026-02-22,2026-02-22 18:00:00,Sports,4,155.35,0.2,497.12,Unknown,Unknown,N,mint.rattanakul11@example.com,False,Original,,True,Mapped_From_History,False,True,497.12,0.0,False,497.12,False,False,497.12,2026-02-22,2026-02-22 18:00:00,18.0,False
T000416,C0036,Film Maneerat,film.maneerat36@example.com,F,Chonburi,2026-03-29,2026-03-29 13:00:00,Beauty,2,112.29,0.0,224.58,PromptPay,Completed,N,film.maneerat36@example.com,False,Original,Chonburi,False,Original,False,True,224.58,0.0,False,224.58,True,False,224.58,2026-03-29,2026-03-29 13:00:00,13.0,False
T000166,C0134,Pim Wongsa,pim.wongsa134@example.com,M,Chanthaburi,2026-02-23,2026-02-23 07:00:00,Home,1,269.63,0.05,256.15,Credit Card,Returned,N,pim.wongsa134@example.com,False,Original,Chanthaburi,False,Original,False,True,256.15,0.0,False,256.15,True,False,256.15,2026-02-23,2026-02-23 07:00:00,7.0,False
T000275,C0007,Jane Saelim,jane.saelim7@example.com,M,Chiang Mai,2026-03-21,2026-03-21 17:00:00,Beauty,5,167.2,0.0,836.0,Unknown,Returned,N,jane.saelim7@example.com,False,Original,Chiang Mai,False,Original,False,True,836.0,0.0,False,836.0,True,False,836.0,2026-03-21,2026-03-21 17:00:00,17.0,False
T000600,C0151,Mook Thongdee,mook.thongdee151@example.com,M,Bangkok,2026-02-05,2026-05-02 02:00:00,Beauty,2,344.51,0.05,654.57,PromptPay,Returned,N,mook.thongdee151@example.com,False,Original,Bangkok,False,Original,False,True,654.57,0.0,False,654.57,True,False,654.57,2026-02-05,2026-05-02 02:00:00,2066.0,True
T000326,C0068,Beam Sukjai,beam.sukjai68@example.com,F,Bangkok,2026-04-15,2026-04-15 06:00:00,Home,4,530.24,0.1,1908.86,Unknown,Completed,N,beam.sukjai68@example.com,False,Original,Bangkok,False,Original,False,True,1908.86,0.0,False,1908.86,True,False,1908.86,2026-04-15,2026-04-15 06:00:00,6.0,False
T000350,C0157,Nont Rattanakul,nont.rattanakul157@example.com,F,Khon Kaen,2026-01-11,2026-01-11 19:00:00,Beauty,2,303.06,0.0,606.12,Unknown,Returned,N,nont.rattanakul157@example.com,False,Original,Khon Kaen,False,Original,False,True,606.12,0.0,False,606.12,True,False,606.12,2026-01-11,2026-01-11 19:00:00,19.0,False
T000594,C0109,Jane Thongdee,jane.thongdee109@example.com,F,Bangkok,2026-03-10,2026-03-10 02:00:00,Beauty,4,351.63,0.1,1265.87,PromptPay,Processing,N,jane.thongdee109@example.com,False,Original,Bangkok,False,Original,False,True,1265.87,0.0,False,1265.87,True,False,1265.87,2026-03-10,2026-03-10 02:00:00,2.0,False
T000057,C0177,Ice Lertprasert,ice.lertprasert177@example.com,M,Chiang Mai,2026-01-24,2026-01-25 20:00:00,Food,2,99.51,0.0,199.02,Unknown,Processing,N,,True,Mapped_From_History,Chiang Mai,False,Original,False,True,199.02,1.2600000000000193,True,197.76,True,False,199.02,2026-01-24,2026-01-25 20:00:00,44.0,True
T000176,C0013,Narin Wongsa,narin.wongsa13@example.com,F,Khon Kaen,2026-01-17,2026-01-20 13:00:00,Fashion,6,408.72,0.05,2088.6400000000003,PromptPay,Processing,N,narin.wongsa13@example.com,False,Original,Khon Kaen,False,Original,False,True,2329.7,0.0,False,2329.7,True,True,2329.7,2026-01-17,2026-01-20 13:00:00,85.0,True
T000278,C0043,Beam Rattanakul,beam.rattanakul43@example.com,M,Bangkok,2026-04-02,2026-04-02 10:00:00,Sports,6,161.62,0.05,921.23,Bank Transfer,Completed,N,,True,Mapped_From_History,Bangkok,False,Original,False,True,921.23,0.0,False,921.23,True,False,921.23,2026-04-02,2026-04-02 10:00:00,10.0,False
T000157,C0046,Nont Boonmee,nont.boonmee46@example.com,F,Chiang Mai,2026-06-22,2026-06-22 19:00:00,Food,5,191.71,0.0,958.55,PromptPay,Returned,N,nont.boonmee46@example.com,False,Original,Chiang Mai,False,Original,False,True,958.55,0.0,False,958.55,True,False,958.55,2026-06-22,2026-06-22 19:00:00,19.0,False
T000445,C0021,May Boonmee,may.boonmee21@example.com,F,Nakhon Ratchasima,2026-04-18,2026-04-18 11:00:00,Food,2,156.01,0.2,249.62,Credit Card,Processing,N,may.boonmee21@example.com,False,Original,Nakhon Ratchasima,False,Original,False,True,249.62,0.0,False,249.62,True,False,249.62,2026-04-18,2026-04-18 11:00:00,11.0,False
T000540,C0113,Tee Dechawat,tee.dechawat113@example.com,M,Rayong,2026-03-10,2026-03-10 07:00:00,Food,5,179.32,0.05,851.77,Bank Transfer,Completed,N,tee.dechawat113@example.com,False,Original,Rayong,False,Original,False,True,851.77,0.0,False,851.77,True,False,851.77,2026-03-10,2026-03-10 07:00:00,7.0,False
T000282,C0113,Tee Dechawat,tee.dechawat113@example.com,M,Rayong,2026-05-06,2026-05-06 19:00:00,Sports,6,183.9,0.05,1048.23,PromptPay,Cancelled,Y,tee.dechawat113@example.com,False,Original,Rayong,False,Original,False,True,1048.23,10482.300000000001,True,11530.53,True,False,1048.23,2026-05-06,2026-05-06 19:00:00,19.0,False
T000298,C0101,Boss Phromla,boss.phromla101@example.com,M,Bangkok,2026-03-11,2026-03-11 13:00:00,Beauty,2,187.88,0.1,338.18,Bank Transfer,Returned,Y,boss.phromla101@example.com,False,Original,Bangkok,False,Original,False,True,338.18,2705.44,True,3043.62,True,False,338.18,2026-03-11,2026-03-11 13:00:00,13.0,False
T000148,C0080,May Kittikul,may.kittikul80@example.com,F,Khon Kaen,2026-05-23,2026-05-23 02:00:00,Fashion,6,350.59,0.0,2088.6400000000003,Bank Transfer,Processing,N,may.kittikul80@example.com,False,Original,Khon Kaen,False,Original,False,True,2103.54,0.0,False,2103.54,True,True,2103.54,2026-05-23,2026-05-23 02:00:00,2.0,False
T000426,C0072,Tee Lertprasert,tee.lertprasert72@example.com,F,Chanthaburi,2026-03-31,2026-03-31 15:00:00,Sports,2,247.84,0.2,396.54,Bank Transfer,Returned,N,tee.lertprasert72@example.com,False,Original,Chanthaburi,False,Original,False,True,396.54,0.0,False,396.54,True,False,396.54,2026-03-31,2026-03-31 15:00:00,15.0,False
T000550,C0175,Boss Khamdee,boss.khamdee175@example.com,F,Nakhon Ratchasima,2026-01-01,2026-01-01 14:00:00,Electronics,5,128.66,0.0,643.3,Cash on Delivery,Completed,N,boss.khamdee175@example.com,False,Original,Nakhon Ratchasima,False,Original,False,True,643.3,0.0,False,643.3,True,False,643.3,2026-01-01,2026-01-01 14:00:00,14.0,False
T000374,C0128,Ploy Khamdee,ploy.khamdee128@example.com,M,Bangkok,2026-03-25,2026-03-25 06:00:00,Sports,3,198.33,0.05,565.24,Bank Transfer,Completed,N,ploy.khamdee128@example.com,False,Original,Bangkok,False,Original,False,True,565.24,0.0,False,565.24,True,False,565.24,2026-03-25,2026-03-25 06:00:00,6.0,False
T000333,C0157,Nont Rattanakul,nont.rattanakul157@example.com,F,Khon Kaen,2026-03-20,2026-03-20 13:00:00,Food,4,88.38,0.2,282.82,PromptPay,Cancelled,N,nont.rattanakul157@example.com,False,Original,Khon Kaen,False,Original,False,True,282.82,0.0,False,282.82,True,False,282.82,2026-03-20,2026-03-20 13:00:00,13.0,False
T000073,C0076,Pim Phromla,pim.phromla76@example.com,M,Chanthaburi,2026-03-09,2026-03-09 12:00:00,Sports,6,101.8,0.0,610.8,Bank Transfer,Returned,N,pim.phromla76@example.com,False,Original,Chanthaburi,False,Original,False,True,610.8,0.0,False,610.8,True,False,610.8,2026-03-09,2026-03-09 12:00:00,12.0,False
T000460,C0043,Beam Rattanakul,beam.rattanakul43@example.com,M,Bangkok,2026-06-07,2026-06-07 05:00:00,Sports,5,302.17,0.05,1435.31,Cash on Delivery,Completed,N,beam.rattanakul43@example.com,False,Original,Bangkok,False,Original,False,True,1435.31,0.0,False,1435.31,True,False,1435.31,2026-06-07,2026-06-07 05:00:00,5.0,False
T000032,C0017,Mook Rattanakul,mook.rattanakul17@example.com,F,Khon Kaen,2026-05-23,2026-05-23 17:00:00,Food,2,50.64,0.2,81.02,PromptPay,Completed,N,mook.rattanakul17@example.com,False,Original,Khon Kaen,False,Original,False,True,81.02,0.0,False,81.02,True,False,81.02,2026-05-23,2026-05-23 17:00:00,17.0,False
T000234,C0002,Mint Thongdee,mint.thongdee2@example.com,F,Rayong,2026-06-19,2026-06-19 09:00:00,Home,5,100.99,0.05,479.7,Bank Transfer,Cancelled,N,mint.thongdee2@example.com,False,Original,Rayong,False,Original,False,True,479.7,0.0,False,479.7,True,False,479.7,2026-06-19,2026-06-19 09:00:00,9.0,False
T000579,C0041,Tee Chaiyo,tee.chaiyo41@example.com,M,Chonburi,2026-03-25,2026-03-25 02:00:00,Sports,4,372.19,0.2,1191.01,Bank Transfer,Processing,Y,tee.chaiyo41@example.com,False,Original,Chonburi,False,Original,False,True,1191.01,0.0,False,1191.01,True,False,1191.01,2026-03-25,2026-03-25 02:00:00,2.0,False
T000404,C0125,May Lertprasert,may.lertprasert125@example.com,F,Rayong,2026-06-07,2026-06-07 18:00:00,Fashion,2,324.16,0.2,518.66,PromptPay,Processing,N,may.lertprasert125@example.com,False,Original,Rayong,False,Original,False,True,518.66,0.0,False,518.66,True,False,518.66,2026-06-07,2026-06-07 18:00:00,18.0,False
T000301,C0128,Ploy Khamdee,ploy.khamdee128@example.com,M,Bangkok,2026-01-19,2026-01-19 03:00:00,Food,6,152.16,0.0,912.96,Unknown,Cancelled,N,ploy.khamdee128@example.com,False,Original,Bangkok,False,Original,False,True,912.96,0.0,False,912.96,True,False,912.96,2026-01-19,2026-01-19 03:00:00,3.0,False
T000235,C0008,Ice Rattanakul,ice.rattanakul8@example.com,M,Chiang Mai,2026-01-13,2026-01-13 16:00:00,Electronics,6,44.37,0.05,252.91,Unknown,Completed,N,ice.rattanakul8@example.com,False,Original,Chiang Mai,False,Original,False,True,252.91,0.0,False,252.91,True,False,252.91,2026-01-13,2026-01-13 16:00:00,16.0,False
T000494,C0016,Korn Lertprasert,korn.lertprasert16@example.com,M,Khon Kaen,2026-04-22,2026-04-22 09:00:00,Food,3,394.57,0.0,1183.71,Cash on Delivery,Returned,N,korn.lertprasert16@example.com,False,Original,Khon Kaen,False,Original,False,True,1183.71,0.0,False,1183.71,True,False,1183.71,2026-04-22,2026-04-22 09:00:00,9.0,False
T000443,C0162,Aom Dechawat,aom.dechawat162@example.com,M,Rayong,2026-04-28,2026-04-28 13:00:00,Home,6,120.21,0.0,721.26,PromptPay,Completed,N,aom.dechawat162@example.com,False,Original,Rayong,False,Original,False,True,721.26,0.0,False,721.26,True,False,721.26,2026-04-28,2026-04-28 13:00:00,13.0,False
T000083,C0056,Mint Maneerat,mint.maneerat56@example.com,M,Rayong,2026-03-09,2026-03-09 17:00:00,Food,5,244.91,0.0,1224.55,Cash on Delivery,Processing,N,mint.maneerat56@example.com,False,Original,Rayong,False,Original,False,True,1224.55,0.0,False,1224.55,True,False,1224.55,2026-03-09,2026-03-09 17:00:00,17.0,False
T000428,C0112,Pim Rattanakul,pim.rattanakul112@example.com,M,Phuket,2026-02-03,2026-02-03 03:00:00,Fashion,-3,161.2,0.05,0.0,PromptPay,Processing,N,pim.rattanakul112@example.com,False,Original,Phuket,False,Original,False,False,-459.42,765.7,True,306.28,True,False,-459.42,2026-02-03,2026-02-03 03:00:00,3.0,False
T000454,C0033,Pim Srisawat,pim.srisawat33@example.com,M,Rayong,2026-06-11,2026-06-11 01:00:00,Sports,2,233.48,0.05,443.61,PromptPay,Processing,N,pim.srisawat33@example.com,False,Original,Rayong,False,Original,False,True,443.61,0.0,False,443.61,True,False,443.61,2026-06-11,2026-06-11 01:00:00,1.0,False
T000125,C0044,Gun Phromla,gun.phromla44@example.com,F,Chonburi,2026-06-14,2026-06-14 16:00:00,Home,1,71.84,0.0,71.84,Credit Card,Processing,N,gun.phromla44@example.com,False,Original,Chonburi,False,Original,False,True,71.84,0.0,False,71.84,True,False,71.84,2026-06-14,2026-06-14 16:00:00,16.0,False
T000245,C0083,Beam Srisawat,beam.srisawat83@example.com,M,Chiang Mai,2026-02-26,2026-02-26 14:00:00,Food,3,266.88,0.0,800.64,PromptPay,Processing,N,beam.srisawat83@example.com,False,Original,Chiang Mai,False,Original,False,True,800.64,0.0,False,800.64,True,False,800.64,2026-02-26,2026-02-26 14:00:00,14.0,False
T000296,C0030,May Thongdee,may.thongdee30@example.com,M,Nakhon Ratchasima,2026-03-25,2026-03-25 17:00:00,Electronics,4,169.87,0.1,611.53,PromptPay,Completed,N,may.thongdee30@example.com,False,Original,Nakhon Ratchasima,False,Original,False,True,611.53,0.0,False,611.53,True,False,611.53,2026-03-25,2026-03-25 17:00:00,17.0,False
T000195,C0047,Ploy Saelim,ploy.saelim47@example.com,F,Khon Kaen,2026-05-05,2026-05-05 01:00:00,Food,4,319.22,0.0,1276.88,Credit Card,Completed,N,ploy.saelim47@example.com,False,Original,Khon Kaen,False,Original,False,True,1276.88,0.0,False,1276.88,True,False,1276.88,2026-05-05,2026-05-05 01:00:00,1.0,False
T000076,C0038,Boss Kittikul,boss.kittikul38@example.com,F,Nakhon Ratchasima,2026-03-21,2026-03-21 02:00:00,Electronics,2,146.57,0.0,293.14,Credit Card,Cancelled,N,boss.kittikul38@example.com,False,Original,Nakhon Ratchasima,False,Original,False,True,293.14,0.0,False,293.14,True,False,293.14,2026-03-21,2026-03-21 02:00:00,2.0,False
T000063,C0022,Film Kittikul,film.kittikul22@example.com,F,Nakhon Ratchasima,2026-01-11,2026-01-11 02:00:00,Sports,1,195.89,0.15,166.51,Credit Card,Cancelled,N,film.kittikul22@example.com,False,Original,Nakhon Ratchasima,False,Original,False,True,166.51,0.0,False,166.51,True,False,166.51,2026-01-11,2026-01-11 02:00:00,2.0,False
T000181,C0121,Ice Kittikul,ice.kittikul121@example.com,M,Bangkok,2026-03-30,2026-03-30 14:00:00,Electronics,6,276.17,0.2,1325.62,Bank Transfer,Returned,N,ice.kittikul121@example.com,False,Original,Bangkok,False,Original,False,True,1325.62,0.0,False,1325.62,True,False,1325.62,2026-03-30,2026-03-30 14:00:00,14.0,False
T000560,C0068,Beam Sukjai,beam.sukjai68@example.com,F,Bangkok,2026-01-04,2026-01-04 14:00:00,Electronics,5,106.54,0.2,426.16,Credit Card,Unknown,N,beam.sukjai68@example.com,False,Original,Bangkok,False,Original,False,True,426.16,0.0,False,426.16,False,False,426.16,2026-01-04,2026-01-04 14:00:00,14.0,False
T000222,C0135,Korn Srisawat,korn.srisawat135@example.com,F,Bangkok,2026-03-19,2026-03-19 13:00:00,Beauty,1,110.93,0.1,99.84,Credit Card,Processing,N,korn.srisawat135@example.com,False,Original,Bangkok,False,Original,False,True,99.84,6.450000000000003,True,93.39,True,False,99.84,2026-03-19,2026-03-19 13:00:00,13.0,False
T000226,C0164,Gun Srisawat,gun.srisawat164@example.com,F,Chonburi,2026-02-15,2026-02-15 10:00:00,Home,3,128.01,0.05,364.83,Bank Transfer,Returned,N,gun.srisawat164@example.com,False,Original,Chonburi,False,Original,False,True,364.83,0.0,False,364.83,True,False,364.83,2026-02-15,2026-02-15 10:00:00,10.0,False
T000564,C0057,Ploy Thongdee,ploy.thongdee57@example.com,F,Nakhon Ratchasima,2026-04-06,2026-04-06 03:00:00,Beauty,6,555.53,0.1,2088.6400000000003,Cash on Delivery,Processing,N,ploy.thongdee57@example.com,False,Original,Nakhon Ratchasima,False,Original,False,True,2999.86,0.0,False,2999.86,True,True,2999.86,2026-04-06,2026-04-06 03:00:00,3.0,False
T000338,C0123,Ploy Khamdee,ploy.khamdee123@example.com,F,Chanthaburi,2026-03-06,2026-03-06 09:00:00,Food,2,662.26,0.0,1324.52,Unknown,Processing,N,ploy.khamdee123@example.com,False,Original,Chanthaburi,False,Original,False,True,1324.52,0.0,False,1324.52,True,False,1324.52,2026-03-06,2026-03-06 09:00:00,9.0,False
T000048,C0151,Mook Thongdee,mook.thongdee151@example.com,M,Bangkok,2026-02-05,2026-05-05 09:00:00,Electronics,2,164.0,0.0,328.0,Cash on Delivery,Completed,N,mook.thongdee151@example.com,False,Original,Bangkok,False,Original,False,True,328.0,0.0,False,328.0,True,False,328.0,2026-02-05,2026-05-05 09:00:00,2145.0,True
T000067,C0137,Film Boonmee,film.boonmee137@example.com,M,Khon Kaen,2026-03-07,2026-03-07 02:00:00,Home,3,77.71,0.2,186.5,Unknown,Cancelled,N,film.boonmee137@example.com,False,Original,Khon Kaen,False,Original,False,True,186.5,0.0,False,186.5,True,False,186.5,2026-03-07,2026-03-07 02:00:00,2.0,False
T000092,C0008,Ice Rattanakul,ice.rattanakul8@example.com,M,Chiang Mai,2026-04-09,2026-04-09 01:00:00,Sports,4,219.68,0.05,834.78,Cash on Delivery,Cancelled,Y,ice.rattanakul8@example.com,False,Original,Chiang Mai,False,Original,False,True,834.78,0.0,False,834.78,True,False,834.78,2026-04-09,2026-04-09 01:00:00,1.0,False
T000230,C0141,Korn Phromla,korn.phromla141@example.com,M,Khon Kaen,2026-02-23,2026-02-23 12:00:00,Electronics,2,348.44,0.05,662.04,Credit Card,Processing,N,korn.phromla141@example.com,False,Original,Khon Kaen,False,Original,False,True,662.04,0.0,False,662.04,True,False,662.04,2026-02-23,2026-02-23 12:00:00,12.0,False
T000036,C0067,May Pattanakul,may.pattanakul67@example.com,M,Chonburi,2026-06-15,2026-06-18 09:00:00,Home,3,158.13,0.05,450.67,PromptPay,Cancelled,N,may.pattanakul67@example.com,False,Original,Chonburi,False,Original,False,True,450.67,0.0,False,450.67,True,False,450.67,2026-06-15,2026-06-18 09:00:00,81.0,True
T000134,C0131,Narin Rattanakul,narin.rattanakul131@example.com,F,Khon Kaen,2026-01-18,2026-01-18 12:00:00,Fashion,4,344.47,0.0,1377.88,Credit Card,Cancelled,N,narin.rattanakul131@example.com,False,Original,Khon Kaen,False,Original,False,True,1377.88,0.0,False,1377.88,True,False,1377.88,2026-01-18,2026-01-18 12:00:00,12.0,False
T000439,C0160,Mint Kittikul,mint.kittikul160@example.com,F,Chiang Mai,2026-05-13,2026-05-21 17:00:00,Sports,3,94.33,0.0,282.99,Unknown,Returned,N,mint.kittikul160@example.com,False,Original,Chiang Mai,False,Original,False,True,282.99,666383.01,True,666666.0,True,False,282.99,2026-05-13,2026-05-21 17:00:00,209.0,True
T000010,C0085,Aom Thongdee,aom.thongdee85@example.com,F,Chiang Mai,2026-05-09,2026-05-13 20:00:00,Home,2,259.33,0.0,518.66,Credit Card,Cancelled,N,aom.thongdee85@example.com,False,Original,Chiang Mai,False,Original,False,True,518.66,0.0,False,518.66,True,False,518.66,2026-05-09,2026-05-13 20:00:00,116.0,True
T000023,C0125,May Lertprasert,may.lertprasert125@example.com,F,Rayong,2026-05-25,2026-05-25 19:00:00,Beauty,5,97.06,0.05,461.04,PromptPay,Returned,N,may.lertprasert125@example.com,False,Original,,True,Mapped_From_History,False,True,461.04,136.41000000000003,True,324.63,True,False,461.04,2026-05-25,2026-05-25 19:00:00,19.0,False
T000430,C0138,Mint Dechawat,mint.dechawat138@example.com,M,Khon Kaen,2026-01-24,2026-01-24 05:00:00,Electronics,6,208.35,0.0,1250.1,Cash on Delivery,Processing,N,mint.dechawat138@example.com,False,Original,Khon Kaen,False,Original,False,True,1250.1,0.0,False,1250.1,True,False,1250.1,2026-01-24,2026-01-24 05:00:00,5.0,False
T000467,C0011,Mint Rattanakul,mint.rattanakul11@example.com,F,Chanthaburi,2026-03-05,2026-03-05 09:00:00,Fashion,6,219.12,0.0,1314.72,Cash on Delivery,Completed,N,mint.rattanakul11@example.com,False,Original,Chanthaburi,False,Original,False,True,1314.72,0.0,False,1314.72,True,False,1314.72,2026-03-05,2026-03-05 09:00:00,9.0,False
T000485,C0058,Anan Wongsa,anan.wongsa58@example.com,F,Khon Kaen,2026-01-01,2026-01-01 16:00:00,Beauty,4,221.28,0.1,796.61,Credit Card,Processing,N,,True,Mapped_From_History,Khon Kaen,False,Original,False,True,796.61,0.0,False,796.61,True,False,796.61,2026-01-01,2026-01-01 16:00:00,16.0,False
T000584,C0036,Film Maneerat,film.maneerat36@example.com,F,Chonburi,2026-02-06,2026-02-06 10:00:00,Food,2,286.09,0.2,457.74,Bank Transfer,Completed,Y,film.maneerat36@example.com,False,Original,Chonburi,False,Original,False,True,457.74,6866.1,True,7323.84,True,False,457.74,2026-02-06,2026-02-06 10:00:00,10.0,False
T000556,C0116,Boss Wongsa,boss.wongsa116@example.com,F,Chonburi,2026-01-02,2026-02-04 20:00:00,Beauty,5,226.64,0.1,1019.88,PromptPay,Processing,N,boss.wongsa116@example.com,False,Original,Chonburi,False,Original,False,True,1019.88,0.0,False,1019.88,True,False,1019.88,2026-01-02,2026-02-04 20:00:00,812.0,True
T000255,C0135,Korn Srisawat,korn.srisawat135@example.com,F,Bangkok,2026-03-05,2026-05-03 19:00:00,Home,6,213.05,0.0,1278.3,Unknown,Completed,N,korn.srisawat135@example.com,False,Original,Bangkok,False,Original,False,True,1278.3,776498.7,True,777777.0,True,False,1278.3,2026-03-05,2026-05-03 19:00:00,1435.0,True
T000287,C0007,Jane Saelim,jane.saelim7@example.com,M,Chiang Mai,2026-01-09,2026-01-09 14:00:00,Food,3,187.66,0.15,478.53,Credit Card,Returned,N,,True,Mapped_From_History,Chiang Mai,False,Original,False,True,478.53,0.0,False,478.53,True,False,478.53,2026-01-09,2026-01-09 14:00:00,14.0,False
T000265,C0049,Gun Dechawat,gun.dechawat49@example.com,F,Nakhon Ratchasima,2026-01-21,2026-01-21 02:00:00,Electronics,1,108.13,0.2,86.5,Cash on Delivery,Completed,N,gun.dechawat49@example.com,False,Original,Nakhon Ratchasima,False,Original,False,True,86.5,0.0,False,86.5,True,False,86.5,2026-01-21,2026-01-21 02:00:00,2.0,False
T000015,C0110,Mook Srisawat,mook.srisawat110@example.com,F,Nakhon Ratchasima,2026-01-06,2026-01-06 01:00:00,Fashion,6,233.41,0.2,1120.37,Credit Card,Completed,N,mook.srisawat110@example.com,False,Original,Nakhon Ratchasima,False,Original,False,True,1120.37,0.0,False,1120.37,True,False,1120.37,2026-01-06,2026-01-06 01:00:00,1.0,False
T000553,C0031,Ploy Rattanakul,ploy.rattanakul31@example.com,F,Chiang Mai,2026-02-25,2026-02-25 08:00:00,Electronics,4,108.06,0.05,410.63,Bank Transfer,Processing,N,ploy.rattanakul31@example.com,False,Original,Chiang Mai,False,Original,False,True,410.63,0.0,False,410.63,True,False,410.63,2026-02-25,2026-02-25 08:00:00,8.0,False
T900010,C0047,Ploy  Saelim,ploy.saelim47@example.com,F,Khon Kaen,2026-05-05,2026-05-05 01:00:00,Food,4,319.22,0.0,1276.88,Credit Card,Completed,N,ploy.saelim47@example.com,False,Original,Khon Kaen,False,Original,False,True,1276.88,0.0,False,1276.88,True,False,1276.88,2026-05-05,2026-05-05 01:00:00,1.0,False
T000507,C0040,Pim Srisawat,pim.srisawat40@example.com,M,Rayong,2026-02-25,2026-02-25 03:00:00,Home,4,244.96,0.2,783.87,PromptPay,Cancelled,N,pim.srisawat40@example.com,False,Original,Rayong,False,Original,False,True,783.87,0.0,False,783.87,True,False,783.87,2026-02-25,2026-02-25 03:00:00,3.0,False
T000170,C0092,Tee Wongsa,tee.wongsa92@example.com,F,Chanthaburi,2026-03-16,2026-03-16 19:00:00,Home,4,92.14,0.1,331.7,Unknown,Processing,N,tee.wongsa92@example.com,False,Original,Chanthaburi,False,Original,False,True,331.7,0.0,False,331.7,True,False,331.7,2026-03-16,2026-03-16 19:00:00,19.0,False
T000297,C0033,Pim Srisawat,pim.srisawat33@example.com,M,Rayong,2026-05-08,2026-05-08 15:00:00,Fashion,2,392.26,0.0,784.52,Bank Transfer,Returned,N,pim.srisawat33@example.com,False,Original,Rayong,False,Original,False,True,784.52,0.0,False,784.52,True,False,784.52,2026-05-08,2026-05-08 15:00:00,15.0,False
T000322,C0049,Gun Dechawat,gun.dechawat49@example.com,F,Nakhon Ratchasima,2026-02-26,2026-02-26 09:00:00,Fashion,4,303.39,0.15,1031.53,Credit Card,Returned,N,gun.dechawat49@example.com,False,Original,Nakhon Ratchasima,False,Original,False,True,1031.53,104.57999999999993,True,926.95,True,False,1031.53,2026-02-26,2026-02-26 09:00:00,9.0,False
T000489,C0085,Aom Thongdee,aom.thongdee85@example.com,F,Chiang Mai,2026-04-13,2026-04-16 10:00:00,Food,1,312.97,0.2,250.38,Bank Transfer,Completed,N,aom.thongdee85@example.com,False,Original,Chiang Mai,False,Original,False,True,250.38,0.0,False,250.38,True,False,250.38,2026-04-13,2026-04-16 10:00:00,82.0,True
T000016,C0016,Korn Lertprasert,korn.lertprasert16@example.com,M,Khon Kaen,2026-02-22,2026-02-22 01:00:00,Beauty,2,132.42,0.05,251.6,Cash on Delivery,Completed,N,korn.lertprasert16@example.com,False,Original,Khon Kaen,False,Original,False,True,251.6,0.0,False,251.6,True,False,251.6,2026-02-22,2026-02-22 01:00:00,1.0,False
T000547,C0164,Gun Srisawat,gun.srisawat164@example.com,F,Chonburi,2026-03-19,2026-03-19 10:00:00,Electronics,5,199.37,0.0,996.85,Credit Card,Cancelled,N,gun.srisawat164@example.com,False,Original,Chonburi,False,Original,False,True,996.85,0.0,False,996.85,True,False,996.85,2026-03-19,2026-03-19 10:00:00,10.0,False
T000192,C0144,Gun Sukjai,gun.sukjai144@example.com,M,Phuket,2026-03-07,2026-03-07 10:00:00,Food,5,98.44,0.0,492.2,Unknown,Completed,N,gun.sukjai144@example.com,False,Original,Phuket,False,Original,False,True,492.2,0.0,False,492.2,True,False,492.2,2026-03-07,2026-03-07 10:00:00,10.0,False
T000465,C0158,Nont Kittikul,nont.kittikul158@example.com,M,Nakhon Ratchasima,2026-03-04,2026-04-03 05:00:00,Sports,6,207.01,0.15,1055.75,PromptPay,Cancelled,N,nont.kittikul158@example.com,False,Original,Nakhon Ratchasima,False,Original,False,True,1055.75,0.0,False,1055.75,True,False,1055.75,2026-03-04,2026-04-03 05:00:00,725.0,True
T000511,C0083,Beam Srisawat,beam.srisawat83@example.com,M,Chiang Mai,2026-03-24,2026-03-24 16:00:00,Beauty,4,259.71,0.0,1038.84,Unknown,Completed,N,beam.srisawat83@example.com,False,Original,Chiang Mai,False,Original,False,True,1038.84,0.0,False,1038.84,True,False,1038.84,2026-03-24,2026-03-24 16:00:00,16.0,False
T000258,C0143,Korn Srisawat,korn.srisawat143@example.com,M,Rayong,2026-05-15,2026-05-15 10:00:00,Food,3,262.19,0.1,707.91,Bank Transfer,Cancelled,N,korn.srisawat143@example.com,False,Original,,True,Mapped_From_History,False,True,707.91,0.0,False,707.91,True,False,707.91,2026-05-15,2026-05-15 10:00:00,10.0,False
T000377,C0029,Aom Pattanakul,aom.pattanakul29@example.com,F,Bangkok,2026-06-23,2026-06-23 06:00:00,Home,6,106.75,0.0,640.5,Credit Card,Returned,N,aom.pattanakul29@example.com,False,Original,Bangkok,False,Original,False,True,640.5,0.0,False,640.5,True,False,640.5,2026-06-23,2026-06-23 06:00:00,6.0,False
T000351,C0052,Gun Dechawat,gun.dechawat52@example.com,F,Rayong,2026-03-09,2026-03-09 06:00:00,Sports,4,67.63,0.0,270.52,Cash on Delivery,Cancelled,N,gun.dechawat52@example.com,False,Original,Rayong,False,Original,False,True,270.52,0.0,False,270.52,True,False,270.52,2026-03-09,2026-03-09 06:00:00,6.0,False
T000186,C0090,Mook Sukjai,mook.sukjai90@example.com,M,Chanthaburi,2026-04-04,2026-04-04 01:00:00,Electronics,2,164.39,0.0,328.78,PromptPay,Cancelled,N,mook.sukjai90@example.com,False,Original,Chanthaburi,False,Original,False,True,328.78,0.0,False,328.78,True,False,328.78,2026-04-04,2026-04-04 01:00:00,1.0,False
T000259,C0145,Tee Srisawat,tee.srisawat145@example.com,M,Nakhon Ratchasima,2026-02-05,2026-05-02 03:00:00,Food,6,219.95,0.15,1121.74,Bank Transfer,Cancelled,N,tee.srisawat145@example.com,False,Original,Nakhon Ratchasima,False,Original,False,True,1121.74,0.0,False,1121.74,True,False,1121.74,2026-02-05,2026-05-02 03:00:00,2067.0,True
T000264,C0083,Beam Srisawat,beam.srisawat83@example.com,M,Chiang Mai,2026-06-21,2026-06-21 09:00:00,Food,3,138.51,0.15,353.2,Bank Transfer,Processing,N,beam.srisawat83@example.com,False,Original,Chiang Mai,False,Original,False,True,353.2,0.0,False,353.2,True,False,353.2,2026-06-21,2026-06-21 09:00:00,9.0,False
T000239,C0030,May Thongdee,may.thongdee30@example.com,M,Nakhon Ratchasima,2026-02-24,2026-02-24 04:00:00,Fashion,1,344.9,0.1,310.41,PromptPay,Cancelled,N,may.thongdee30@example.com,False,Original,Nakhon Ratchasima,False,Original,False,True,310.41,0.0,False,310.41,True,False,310.41,2026-02-24,2026-02-24 04:00:00,4.0,False
T000202,C0010,Beam Sukjai,beam.sukjai10@example.com,M,Phuket,2026-03-02,2026-03-02 15:00:00,Food,3,241.49,0.1,652.02,PromptPay,Cancelled,N,beam.sukjai10@example.com,False,Original,Phuket,False,Original,False,True,652.02,0.0,False,652.02,True,False,652.02,2026-03-02,2026-03-02 15:00:00,15.0,False
T000501,C0166,Jane Srisawat,jane.srisawat166@example.com,F,Nakhon Ratchasima,2026-03-20,2026-03-20 19:00:00,Home,6,113.14,0.15,577.01,Credit Card,Processing,N,jane.srisawat166@example.com,False,Original,Nakhon Ratchasima,False,Original,False,True,577.01,0.0,False,577.01,True,False,577.01,2026-03-20,2026-03-20 19:00:00,19.0,False
T000339,C0120,Mook Boonmee,mook.boonmee120@example.com,M,Chonburi,2026-06-16,2026-06-16 07:00:00,Sports,1,284.82,0.1,256.34,Credit Card,Completed,N,mook.boonmee120@example.com,False,Original,Chonburi,False,Original,False,True,256.34,0.0,False,256.34,True,False,256.34,2026-06-16,2026-06-16 07:00:00,7.0,False
T000305,C0062,Beam Rattanakul,beam.rattanakul62@example.com,M,Bangkok,2026-03-03,2026-03-03 13:00:00,Fashion,2,132.76,0.15,225.69,Credit Card,Completed,N,beam.rattanakul62@example.com,False,Original,Bangkok,False,Original,False,True,225.69,0.0,False,225.69,True,False,225.69,2026-03-03,2026-03-03 13:00:00,13.0,False
T000109,C0029,Aom Pattanakul,aom.pattanakul29@example.com,F,Bangkok,2026-03-17,2026-03-17 14:00:00,Electronics,2,419.11,0.0,838.22,Credit Card,Processing,N,,True,Mapped_From_History,Bangkok,False,Original,False,True,838.22,0.0,False,838.22,True,False,838.22,2026-03-17,2026-03-17 14:00:00,14.0,False
T000391,C0131,Narin Rattanakul,narin.rattanakul131@example.com,F,Khon Kaen,2026-01-23,2026-01-23 14:00:00,Fashion,3,158.05,0.0,474.15,PromptPay,Processing,N,narin.rattanakul131@example.com,False,Original,Khon Kaen,False,Original,False,True,474.15,0.0,False,474.15,True,False,474.15,2026-01-23,2026-01-23 14:00:00,14.0,False
T000563,C0123,Ploy Khamdee,ploy.khamdee123@example.com,F,Chanthaburi,2026-03-05,2026-05-03 07:00:00,Beauty,3,115.39,0.0,346.17,Bank Transfer,Completed,N,ploy.khamdee123@example.com,False,Original,Chanthaburi,False,Original,False,True,346.17,0.0,False,346.17,True,False,346.17,2026-03-05,2026-05-03 07:00:00,1423.0,True
T000412,C0159,Nont Dechawat,nont.dechawat159@example.com,M,Chiang Mai,2026-04-05,2026-05-04 15:00:00,Beauty,3,99.91,0.05,284.74,Cash on Delivery,Completed,N,nont.dechawat159@example.com,False,Original,Chiang Mai,False,Original,False,True,284.74,0.0,False,284.74,True,False,284.74,2026-04-05,2026-05-04 15:00:00,711.0,True
T000591,C0037,Jane Phromla,jane.phromla37@example.com,M,Chiang Mai,2026-04-09,2026-04-09 16:00:00,Beauty,5,159.09,0.2,636.36,Cash on Delivery,Processing,N,jane.phromla37@example.com,False,Original,Chiang Mai,False,Original,False,True,636.36,96.03999999999996,True,732.4,True,False,636.36,2026-04-09,2026-04-09 16:00:00,16.0,False
T000471,C0105,Korn Sukjai,korn.sukjai105@example.com,F,Rayong,2026-01-06,2026-01-06 05:00:00,Home,1,199.55,0.15,169.62,PromptPay,Completed,N,korn.sukjai105@example.com,False,Original,Rayong,False,Original,False,True,169.62,0.0,False,169.62,True,False,169.62,2026-01-06,2026-01-06 05:00:00,5.0,False
T000273,C0141,Korn Phromla,korn.phromla141@example.com,M,Khon Kaen,2026-06-08,2026-06-08 11:00:00,Electronics,3,258.82,0.0,776.46,Bank Transfer,Returned,N,korn.phromla141@example.com,False,Original,Khon Kaen,False,Original,False,True,776.46,0.0,False,776.46,True,False,776.46,2026-06-08,2026-06-08 11:00:00,11.0,False
T000124,C0007,Jane Saelim,jane.saelim7@example.com,M,Chiang Mai,2026-05-13,2026-06-08 03:00:00,Fashion,3,113.44,0.05,323.3,Credit Card,Completed,N,jane.saelim7@example.com,False,Original,Chiang Mai,False,Original,False,True,323.3,0.0,False,323.3,True,False,323.3,2026-05-13,2026-06-08 03:00:00,627.0,True
T000182,C0039,Beam Boonmee,beam.boonmee39@example.com,M,Rayong,2026-02-14,2026-02-14 08:00:00,Sports,2,45.51,0.0,91.02,Unknown,Completed,N,beam.boonmee39@example.com,False,Original,Rayong,False,Original,False,True,91.02,0.0,False,91.02,True,False,91.02,2026-02-14,2026-02-14 08:00:00,8.0,False
T000592,C0178,Anan Wongsa,anan.wongsa178@example.com,M,Khon Kaen,2026-05-22,2026-05-22 09:00:00,Home,5,302.17,0.2,1208.68,Bank Transfer,Processing,N,anan.wongsa178@example.com,False,Original,Khon Kaen,False,Original,False,True,1208.68,0.0,False,1208.68,True,False,1208.68,2026-05-22,2026-05-22 09:00:00,9.0,False
T000267,C0039,Beam Boonmee,beam.boonmee39@example.com,M,Rayong,2026-04-07,2026-04-07 13:00:00,Fashion,3,253.67,0.0,761.01,Unknown,Returned,N,beam.boonmee39@example.com,False,Original,Rayong,False,Original,False,True,761.01,0.0,False,761.01,True,False,761.01,2026-04-07,2026-04-07 13:00:00,13.0,False
T000407,C0006,Pim Khamdee,pim.khamdee6@example.com,M,Nakhon Ratchasima,2026-06-11,2026-06-11 12:00:00,Electronics,1,136.65,0.0,136.65,Cash on Delivery,Completed,Y,pim.khamdee6@example.com,False,Original,Nakhon Ratchasima,False,Original,False,True,136.65,0.0,False,136.65,True,False,136.65,2026-06-11,2026-06-11 12:00:00,12.0,False
T000328,C0034,Fah Pattanakul,fah.pattanakul34@example.com,M,Chiang Mai,2026-01-14,2026-01-14 03:00:00,Electronics,5,175.02,0.1,787.59,Unknown,Completed,N,fah.pattanakul34@example.com,False,Original,Chiang Mai,False,Original,False,True,787.59,0.0,False,787.59,True,False,787.59,2026-01-14,2026-01-14 03:00:00,3.0,False
T000492,C0100,Fah Rattanakul,fah.rattanakul100@example.com,F,Bangkok,2026-03-18,2026-03-18 09:00:00,Food,1,64.15,0.2,51.32,Bank Transfer,Processing,N,fah.rattanakul100@example.com,False,Original,Bangkok,False,Original,False,True,51.32,0.0,False,51.32,True,False,51.32,2026-03-18,2026-03-18 09:00:00,9.0,False
T000434,C0150,Mook Chaiyo,mook.chaiyo150@example.com,F,Chiang Mai,2026-01-04,2026-01-04 01:00:00,Food,3,568.0,0.0,1704.0,Unknown,Processing,N,mook.chaiyo150@example.com,False,Original,Chiang Mai,False,Original,False,True,1704.0,0.0,False,1704.0,True,False,1704.0,2026-01-04,2026-01-04 01:00:00,1.0,False
T000033,C0122,Anan Wongsa,anan.wongsa122@example.com,M,Chanthaburi,2026-01-06,2026-06-01 10:00:00,Electronics,6,111.27,0.1,600.86,PromptPay,Completed,N,anan.wongsa122@example.com,False,Original,Chanthaburi,False,Original,False,True,600.86,87.76999999999998,True,513.09,True,False,600.86,2026-01-06,2026-06-01 10:00:00,3514.0,True
T000096,C0043,Beam Rattanakul,beam.rattanakul43@example.com,M,Bangkok,2026-01-06,2026-01-06 10:00:00,Food,3,216.75,0.15,552.71,Bank Transfer,Returned,N,beam.rattanakul43@example.com,False,Original,Bangkok,False,Original,False,True,552.71,0.0,False,552.71,True,False,552.71,2026-01-06,2026-01-06 10:00:00,10.0,False
T000349,C0011,Mint Rattanakul,mint.rattanakul11@example.com,F,Chanthaburi,2026-04-15,2026-04-15 05:00:00,Electronics,6,214.11,0.0,1284.66,Credit Card,Returned,N,mint.rattanakul11@example.com,False,Original,Chanthaburi,False,Original,False,True,1284.66,0.0,False,1284.66,True,False,1284.66,2026-04-15,2026-04-15 05:00:00,5.0,False
T000552,C0139,Gun Phromla,gun.phromla139@example.com,M,Nakhon Ratchasima,2026-01-14,2026-01-14 04:00:00,Beauty,5,113.86,0.05,540.83,Unknown,Cancelled,N,gun.phromla139@example.com,False,Original,Nakhon Ratchasima,False,Original,False,True,540.83,0.0,False,540.83,True,False,540.83,2026-01-14,2026-01-14 04:00:00,4.0,False
T000064,C0153,Nont Chaiyo,nont.chaiyo153@example.com,F,Chiang Mai,2026-02-02,2026-02-02 04:00:00,Home,3,226.22,0.0,678.66,Cash on Delivery,Cancelled,N,nont.chaiyo153@example.com,False,Original,Chiang Mai,False,Original,False,True,678.66,0.0,False,678.66,True,False,678.66,2026-02-02,2026-02-02 04:00:00,4.0,False
T000269,C0039,Beam Boonmee,beam.boonmee39@example.com,M,Rayong,2026-01-06,2026-06-01 16:00:00,Electronics,1,290.78,0.1,261.7,Credit Card,Cancelled,N,,True,Mapped_From_History,Rayong,False,Original,False,True,261.7,0.0,False,261.7,True,False,261.7,2026-01-06,2026-06-01 16:00:00,3520.0,True
T000215,C0158,Nont Kittikul,nont.kittikul158@example.com,M,Nakhon Ratchasima,2026-05-12,2026-05-12 07:00:00,Beauty,2,195.18,0.15,331.81,Cash on Delivery,Processing,Y,nont.kittikul158@example.com,False,Original,Nakhon Ratchasima,False,Original,False,True,331.81,0.0,False,331.81,True,False,331.81,2026-05-12,2026-05-12 07:00:00,7.0,False
T000039,C0066,Beam Rattanakul,beam.rattanakul66@example.com,M,Chonburi,2026-04-05,2026-04-09 14:00:00,Fashion,1,384.01,0.05,364.81,Bank Transfer,Returned,N,beam.rattanakul66@example.com,False,Original,Chonburi,False,Original,False,True,364.81,0.0,False,364.81,True,False,364.81,2026-04-05,2026-04-09 14:00:00,110.0,True
T000135,C0108,Anan Khamdee,anan.khamdee108@example.com,M,Nakhon Ratchasima,2026-02-05,2026-05-02 01:00:00,Beauty,2,208.75,0.1,375.75,Cash on Delivery,Completed,N,anan.khamdee108@example.com,False,Original,Nakhon Ratchasima,False,Original,False,True,375.75,0.0,False,375.75,True,False,375.75,2026-02-05,2026-05-02 01:00:00,2065.0,True
T000256,C0033,Pim Srisawat,pim.srisawat33@example.com,M,Rayong,2026-04-11,2026-04-11 13:00:00,Electronics,3,119.94,0.0,359.82,Bank Transfer,Returned,N,pim.srisawat33@example.com,False,Original,Rayong,False,Original,False,True,359.82,0.0,False,359.82,True,False,359.82,2026-04-11,2026-04-11 13:00:00,13.0,False
T000106,C0140,Ploy Khamdee,ploy.khamdee140@example.com,F,Nakhon Ratchasima,2026-04-21,2026-04-21 04:00:00,Fashion,6,96.3,0.05,548.91,Bank Transfer,Returned,N,ploy.khamdee140@example.com,False,Original,Nakhon Ratchasima,False,Original,False,True,548.91,0.0,False,548.91,True,False,548.91,2026-04-21,2026-04-21 04:00:00,4.0,False
T000056,C0021,May Boonmee,may.boonmee21@example.com,F,Nakhon Ratchasima,2026-02-20,2026-02-20 12:00:00,Food,5,132.65,0.1,596.93,Bank Transfer,Returned,N,may.boonmee21@example.com,False,Original,Nakhon Ratchasima,False,Original,False,True,596.93,0.0,False,596.93,True,False,596.93,2026-02-20,2026-02-20 12:00:00,12.0,False
T000490,C0135,Korn Srisawat,korn.srisawat135@example.com,F,Bangkok,2026-05-28,2026-05-28 17:00:00,Food,2,209.44,0.1,376.99,Credit Card,Completed,N,korn.srisawat135@example.com,False,Original,Bangkok,False,Original,False,True,376.99,0.0,False,376.99,True,False,376.99,2026-05-28,2026-05-28 17:00:00,17.0,False
T000288,C0110,Mook Srisawat,mook.srisawat110@example.com,F,Nakhon Ratchasima,2026-02-06,2026-06-02 06:00:00,Sports,2,249.47,0.0,498.94,Credit Card,Completed,N,mook.srisawat110@example.com,False,Original,Nakhon Ratchasima,False,Original,False,True,498.94,0.0,False,498.94,True,False,498.94,2026-02-06,2026-06-02 06:00:00,2790.0,True
T000535,C0165,Nont Thongdee,nont.thongdee165@example.com,F,Nakhon Ratchasima,2026-06-16,2026-06-16 01:00:00,Sports,1,311.73,0.0,311.73,Cash on Delivery,Completed,N,nont.thongdee165@example.com,False,Original,Nakhon Ratchasima,False,Original,False,True,311.73,0.0,False,311.73,True,False,311.73,2026-06-16,2026-06-16 01:00:00,1.0,False
T000561,C0160,Mint Kittikul,mint.kittikul160@example.com,F,Chiang Mai,2026-01-23,2026-01-23 13:00:00,Beauty,6,290.31,0.0,1741.86,Cash on Delivery,Returned,N,mint.kittikul160@example.com,False,Original,Chiang Mai,False,Original,False,True,1741.86,0.0,False,1741.86,True,False,1741.86,2026-01-23,2026-01-23 13:00:00,13.0,False
T000523,C0158,Nont Kittikul,nont.kittikul158@example.com,M,Nakhon Ratchasima,2026-02-09,2026-02-12 05:00:00,Sports,6,66.64,0.1,359.86,Cash on Delivery,Completed,N,,True,Mapped_From_History,Nakhon Ratchasima,False,Original,False,True,359.86,0.0,False,359.86,True,False,359.86,2026-02-09,2026-02-12 05:00:00,77.0,True
T000332,C0048,Boss Dechawat,boss.dechawat48@example.com,F,Rayong,2026-01-16,2026-01-16 08:00:00,Home,4,121.03,0.0,484.12,PromptPay,Cancelled,N,boss.dechawat48@example.com,False,Original,Rayong,False,Original,False,True,484.12,0.0,False,484.12,True,False,484.12,2026-01-16,2026-01-16 08:00:00,8.0,False
T000424,C0076,Pim Phromla,pim.phromla76@example.com,M,Chanthaburi,2026-01-19,2026-01-19 03:00:00,Electronics,1,328.23,0.0,328.23,Credit Card,Completed,N,pim.phromla76@example.com,False,Original,Chanthaburi,False,Original,False,True,328.23,0.0,False,328.23,True,False,328.23,2026-01-19,2026-01-19 03:00:00,3.0,False
T000243,C0151,Mook Thongdee,mook.thongdee151@example.com,M,Bangkok,2026-02-10,2026-02-10 15:00:00,Home,6,352.86,0.0,2088.6400000000003,Unknown,Cancelled,N,mook.thongdee151@example.com,False,Original,Bangkok,False,Original,False,True,2117.16,0.0,False,2117.16,True,True,2117.16,2026-02-10,2026-02-10 15:00:00,15.0,False
T000128,C0005,Ploy Chaiyo,ploy.chaiyo5@example.com,F,Bangkok,2026-06-22,2026-06-22 13:00:00,Home,6,153.51,0.0,921.06,Credit Card,Cancelled,N,ploy.chaiyo5@example.com,False,Original,Bangkok,False,Original,False,True,921.06,0.0,False,921.06,True,False,921.06,2026-06-22,2026-06-22 13:00:00,13.0,False
T000087,C0169,Boss Kittikul,boss.kittikul169@example.com,M,Nakhon Ratchasima,2026-06-18,2026-06-20 20:00:00,Food,5,143.91,0.0,719.55,Bank Transfer,Cancelled,N,boss.kittikul169@example.com,False,Original,Nakhon Ratchasima,False,Original,False,True,719.55,0.0,False,719.55,True,False,719.55,2026-06-18,2026-06-20 20:00:00,68.0,True
T000178,C0070,Pim Chaiyo,pim.chaiyo70@example.com,M,Khon Kaen,2026-03-08,2026-03-11 17:00:00,Food,5,333.14,0.1,1499.13,PromptPay,Completed,N,pim.chaiyo70@example.com,False,Original,Khon Kaen,False,Original,False,True,1499.13,0.0,False,1499.13,True,False,1499.13,2026-03-08,2026-03-11 17:00:00,89.0,True
T000199,C0029,Aom Pattanakul,aom.pattanakul29@example.com,F,Bangkok,2026-02-18,2026-02-19 22:00:00,Food,2,256.96,0.1,462.53,PromptPay,Cancelled,N,aom.pattanakul29@example.com,False,Original,Bangkok,False,Original,False,True,462.53,0.0,False,462.53,True,False,462.53,2026-02-18,2026-02-19 22:00:00,46.0,True
T000103,C0166,Jane Srisawat,jane.srisawat166@example.com,F,Nakhon Ratchasima,2026-02-09,2026-02-09 10:00:00,Fashion,2,113.99,0.0,227.98,PromptPay,Cancelled,N,jane.srisawat166@example.com,False,Original,Nakhon Ratchasima,False,Original,False,True,227.98,0.0,False,227.98,True,False,227.98,2026-02-09,2026-02-09 10:00:00,10.0,False
T000566,C0064,Ploy Thongdee,ploy.thongdee64@example.com,F,Phuket,2026-03-11,2026-03-11 18:00:00,Beauty,5,308.69,0.1,1389.1,Bank Transfer,Cancelled,N,ploy.thongdee64@example.com,False,Original,Phuket,False,Original,False,True,1389.1,0.009999999999990905,False,1389.11,True,False,1389.1,2026-03-11,2026-03-11 18:00:00,18.0,False
T000387,C0013,Narin Wongsa,narin.wongsa13@example.com,F,Khon Kaen,2026-01-04,2026-04-01 03:00:00,Fashion,1,113.61,0.0,113.61,PromptPay,Completed,N,narin.wongsa13@example.com,False,Original,Khon Kaen,False,Original,False,True,113.61,0.0,False,113.61,True,False,113.61,2026-01-04,2026-04-01 03:00:00,2091.0,True
T000459,C0145,Tee Srisawat,tee.srisawat145@example.com,M,Nakhon Ratchasima,2026-01-16,2026-01-16 01:00:00,Home,3,192.4,0.0,577.2,Bank Transfer,Returned,N,tee.srisawat145@example.com,False,Original,Nakhon Ratchasima,False,Original,False,True,577.2,0.0,False,577.2,True,False,577.2,2026-01-16,2026-01-16 01:00:00,1.0,False
T000554,C0147,Film Chaiyo,film.chaiyo147@example.com,M,Chiang Mai,2026-03-09,2026-03-09 13:00:00,Beauty,4,150.53,0.2,481.7,Cash on Delivery,Processing,Y,film.chaiyo147@example.com,False,Original,Chiang Mai,False,Original,False,True,481.7,0.0,False,481.7,True,False,481.7,2026-03-09,2026-03-09 13:00:00,13.0,False
T000075,C0026,Mook Wongsa,mook.wongsa26@example.com,M,Chiang Mai,2026-04-23,2026-04-23 06:00:00,Electronics,1,124.44,0.0,124.44,Bank Transfer,Cancelled,N,mook.wongsa26@example.com,False,Original,Chiang Mai,False,Original,False,True,124.44,0.0,False,124.44,True,False,124.44,2026-04-23,2026-04-23 06:00:00,6.0,False
T000310,C0018,Nont Chaiyo,nont.chaiyo18@example.com,M,Phuket,2026-05-23,2026-05-23 10:00:00,Beauty,6,85.56,0.0,513.36,Unknown,Cancelled,N,nont.chaiyo18@example.com,False,Original,Phuket,False,Original,False,True,513.36,0.0,False,513.36,True,False,513.36,2026-05-23,2026-05-23 10:00:00,10.0,False
T000514,C0011,Mint Rattanakul,mint.rattanakul11@example.com,F,Chanthaburi,2026-06-13,2026-06-13 03:00:00,Fashion,6,68.7,0.0,412.2,Unknown,Processing,N,mint.rattanakul11@example.com,False,Original,Chanthaburi,False,Original,False,True,412.2,0.0,False,412.2,True,False,412.2,2026-06-13,2026-06-13 03:00:00,3.0,False
T000389,C0116,Boss Wongsa,boss.wongsa116@example.com,F,Chonburi,2026-04-05,2026-05-04 02:00:00,Sports,1,101.61,0.1,91.45,PromptPay,Cancelled,N,boss.wongsa116@example.com,False,Original,Chonburi,False,Original,False,True,91.45,0.0,False,91.45,True,False,91.45,2026-04-05,2026-05-04 02:00:00,698.0,True
T000429,C0144,Gun Sukjai,gun.sukjai144@example.com,M,Phuket,2026-06-15,2026-06-15 19:00:00,Fashion,4,307.1,0.1,1105.56,Credit Card,Returned,N,gun.sukjai144@example.com,False,Original,Phuket,False,Original,False,True,1105.56,425.40999999999997,True,680.15,True,False,1105.56,2026-06-15,2026-06-15 19:00:00,19.0,False
T000173,C0058,Anan Wongsa,anan.wongsa58@example.com,F,Khon Kaen,2026-04-26,2026-04-26 19:00:00,Fashion,5,204.88,0.1,921.96,Bank Transfer,Returned,N,anan.wongsa58@example.com,False,Original,Khon Kaen,False,Original,False,True,921.96,0.0,False,921.96,True,False,921.96,2026-04-26,2026-04-26 19:00:00,19.0,False
T000533,C0133,Gun Kittikul,gun.kittikul133@example.com,F,Phuket,2026-06-08,2026-06-08 06:00:00,Home,6,232.08,0.0,1392.48,Unknown,Processing,N,gun.kittikul133@example.com,False,Original,Phuket,False,Original,False,True,1392.48,0.0,False,1392.48,True,False,1392.48,2026-06-08,2026-06-08 06:00:00,6.0,False
T000172,C0112,Pim Rattanakul,pim.rattanakul112@example.com,M,Phuket,2026-06-10,2026-06-10 01:00:00,Beauty,3,71.11,0.0,213.33,Cash on Delivery,Cancelled,N,,True,Mapped_From_History,Phuket,False,Original,False,True,213.33,16.329999999999984,True,229.66,True,False,213.33,2026-06-10,2026-06-10 01:00:00,1.0,False
T000335,C0120,Mook Boonmee,mook.boonmee120@example.com,M,Chonburi,2026-01-08,2026-01-08 01:00:00,Beauty,1,169.44,0.2,135.55,PromptPay,Completed,N,mook.boonmee120@example.com,False,Original,Chonburi,False,Original,False,True,135.55,0.0,False,135.55,True,False,135.55,2026-01-08,2026-01-08 01:00:00,1.0,False
T000456,C0177,Ice Lertprasert,ice.lertprasert177@example.com,M,Chiang Mai,2026-04-05,2026-04-07 13:00:00,Home,2,154.08,0.0,308.16,Unknown,Cancelled,N,ice.lertprasert177@example.com,False,Original,Chiang Mai,False,Original,False,True,308.16,0.0,False,308.16,True,False,308.16,2026-04-05,2026-04-07 13:00:00,61.0,True
T000004,C0151,Mook Thongdee,mook.thongdee151@example.com,M,Bangkok,2026-06-11,2026-06-11 01:00:00,Beauty,5,415.29,0.1,1868.81,Credit Card,Processing,N,mook.thongdee151@example.com,False,Original,Bangkok,False,Original,False,True,1868.81,0.0,False,1868.81,True,False,1868.81,2026-06-11,2026-06-11 01:00:00,1.0,False
T000043,C0083,Beam Srisawat,beam.srisawat83@example.com,M,Chiang Mai,2026-02-01,2026-02-01 14:00:00,Electronics,6,296.58,0.15,1512.56,Bank Transfer,Processing,N,beam.srisawat83@example.com,False,Original,Chiang Mai,False,Original,False,True,1512.56,0.0,False,1512.56,True,False,1512.56,2026-02-01,2026-02-01 14:00:00,14.0,False
T000463,C0153,Nont Chaiyo,nont.chaiyo153@example.com,F,Chiang Mai,2026-03-27,2026-03-27 11:00:00,Sports,6,221.64,0.0,1329.84,Unknown,Returned,N,nont.chaiyo153@example.com,False,Original,Chiang Mai,False,Original,False,True,1329.84,0.0,False,1329.84,True,False,1329.84,2026-03-27,2026-03-27 11:00:00,11.0,False
T000586,C0016,Korn Lertprasert,korn.lertprasert16@example.com,M,Khon Kaen,2026-02-08,2026-02-08 11:00:00,Food,4,72.4,0.15,246.16,Credit Card,Returned,N,korn.lertprasert16@example.com,False,Original,Khon Kaen,False,Original,False,True,246.16,0.0,False,246.16,True,False,246.16,2026-02-08,2026-02-08 11:00:00,11.0,False
T000005,C0110,Mook Srisawat,mook.srisawat110@example.com,F,Nakhon Ratchasima,2026-06-12,2026-06-12 09:00:00,Home,6,50.19,0.15,255.97,Bank Transfer,Processing,Y,mook.srisawat110@example.com,False,Original,Nakhon Ratchasima,False,Original,False,True,255.97,2303.73,True,2559.7,True,False,255.97,2026-06-12,2026-06-12 09:00:00,9.0,False
T000382,C0021,May Boonmee,may.boonmee21@example.com,F,Nakhon Ratchasima,2026-01-19,2026-01-19 05:00:00,Electronics,3,202.19,0.0,606.57,Bank Transfer,Completed,N,may.boonmee21@example.com,False,Original,Nakhon Ratchasima,False,Original,False,True,606.57,0.0,False,606.57,True,False,606.57,2026-01-19,2026-01-19 05:00:00,5.0,False
T000219,C0047,Ploy Saelim,ploy.saelim47@example.com,F,Khon Kaen,2026-02-07,2026-02-07 04:00:00,Electronics,2,133.02,0.2,212.83,Cash on Delivery,Returned,N,ploy.saelim47@example.com,False,Original,Khon Kaen,False,Original,False,True,212.83,0.0,False,212.83,True,False,212.83,2026-02-07,2026-02-07 04:00:00,4.0,False
T000468,C0115,Korn Lertprasert,korn.lertprasert115@example.com,M,Phuket,2026-01-13,2026-01-13 12:00:00,Sports,5,231.14,0.0,1155.7,PromptPay,Cancelled,N,korn.lertprasert115@example.com,False,Original,Phuket,False,Original,False,True,1155.7,0.0,False,1155.7,True,False,1155.7,2026-01-13,2026-01-13 12:00:00,12.0,False
T000519,C0114,Ploy Thongdee,ploy.thongdee114@example.com,M,Nakhon Ratchasima,2026-01-11,2026-01-11 11:00:00,Sports,2,357.73,0.05,679.69,PromptPay,Processing,N,ploy.thongdee114@example.com,False,Original,Nakhon Ratchasima,False,Original,False,True,679.69,0.0,False,679.69,True,False,679.69,2026-01-11,2026-01-11 11:00:00,11.0,False
T000041,C0141,Korn Phromla,korn.phromla141@example.com,M,Khon Kaen,2026-06-08,2026-06-08 11:00:00,Food,3,143.49,0.05,408.95,PromptPay,Returned,N,korn.phromla141@example.com,False,Original,Khon Kaen,False,Original,False,True,408.95,0.0,False,408.95,True,False,408.95,2026-06-08,2026-06-08 11:00:00,11.0,False
T000149,C0040,Pim Srisawat,pim.srisawat40@example.com,M,Rayong,2026-03-14,2026-03-14 02:00:00,Electronics,6,234.72,0.0,1408.32,PromptPay,Processing,N,pim.srisawat40@example.com,False,Original,Rayong,False,Original,False,True,1408.32,0.0,False,1408.32,True,False,1408.32,2026-03-14,2026-03-14 02:00:00,2.0,False
T000042,C0036,Film Maneerat,film.maneerat36@example.com,F,Chonburi,2026-05-06,2026-06-05 08:00:00,Fashion,3,422.01,0.1,1139.43,Cash on Delivery,Processing,N,film.maneerat36@example.com,False,Original,Chonburi,False,Original,False,True,1139.43,0.0,False,1139.43,True,False,1139.43,2026-05-06,2026-06-05 08:00:00,728.0,True
T000180,C0114,Ploy Thongdee,ploy.thongdee114@example.com,M,Nakhon Ratchasima,2026-05-06,2026-05-06 03:00:00,Fashion,1,361.76,0.05,343.67,Unknown,Processing,N,ploy.thongdee114@example.com,False,Original,Nakhon Ratchasima,False,Original,False,True,343.67,0.0,False,343.67,True,False,343.67,2026-05-06,2026-05-06 03:00:00,3.0,False
T000099,C0065,Pim Srisawat,pim.srisawat65@example.com,M,Nakhon Ratchasima,2026-04-28,2026-04-28 12:00:00,Food,4,174.07,0.1,626.65,Cash on Delivery,Completed,N,pim.srisawat65@example.com,False,Original,Nakhon Ratchasima,False,Original,False,True,626.65,0.0,False,626.65,True,False,626.65,2026-04-28,2026-04-28 12:00:00,12.0,False
T000137,C0038,Boss Kittikul,boss.kittikul38@example.com,F,Nakhon Ratchasima,2026-06-29,2026-06-29 11:00:00,Food,2,264.19,0.1,475.54,PromptPay,Completed,N,boss.kittikul38@example.com,False,Original,Nakhon Ratchasima,False,Original,False,True,475.54,0.0,False,475.54,True,False,475.54,2026-06-29,2026-06-29 11:00:00,11.0,False
T000527,C0024,Fah Boonmee,fah.boonmee24@example.com,F,Bangkok,2026-01-09,2026-01-09 07:00:00,Sports,2,202.29,0.1,364.12,Cash on Delivery,Processing,Y,fah.boonmee24@example.com,False,Original,Bangkok,False,Original,False,True,364.12,0.0,False,364.12,True,False,364.12,2026-01-09,2026-01-09 07:00:00,7.0,False
T000242,C0108,Anan Khamdee,anan.khamdee108@example.com,M,Nakhon Ratchasima,2026-04-10,2026-04-10 12:00:00,Sports,6,144.15,0.05,821.66,Bank Transfer,Processing,N,anan.khamdee108@example.com,False,Original,Nakhon Ratchasima,False,Original,False,True,821.66,0.0,False,821.66,True,False,821.66,2026-04-10,2026-04-10 12:00:00,12.0,False
T000241,C0060,Tee Maneerat,tee.maneerat60@example.com,M,Rayong,2026-03-17,2026-03-17 05:00:00,Food,6,251.32,0.0,1507.92,Bank Transfer,Returned,N,tee.maneerat60@example.com,False,Original,Rayong,False,Original,False,True,1507.92,129.03999999999996,True,1636.96,True,False,1507.92,2026-03-17,2026-03-17 05:00:00,5.0,False
T000570,C0019,Korn Dechawat,korn.dechawat19@example.com,M,Nakhon Ratchasima,2026-04-04,2026-04-04 15:00:00,Electronics,1,225.45,0.0,225.45,Bank Transfer,Completed,N,korn.dechawat19@example.com,False,Original,Nakhon Ratchasima,False,Original,False,True,225.45,0.0,False,225.45,True,False,225.45,2026-04-04,2026-04-04 15:00:00,15.0,False
T000094,C0170,Beam Boonmee,beam.boonmee170@example.com,M,Nakhon Ratchasima,2026-03-18,2026-03-18 12:00:00,Sports,4,146.05,0.2,467.36,Bank Transfer,Returned,N,beam.boonmee170@example.com,False,Original,Nakhon Ratchasima,False,Original,False,True,467.36,0.0,False,467.36,True,False,467.36,2026-03-18,2026-03-18 12:00:00,12.0,False
T000108,C0163,Tee Thongdee,tee.thongdee163@example.com,M,Chanthaburi,2026-06-19,2026-06-19 17:00:00,Beauty,2,197.35,0.0,394.7,Bank Transfer,Returned,N,tee.thongdee163@example.com,False,Original,Chanthaburi,False,Original,False,True,394.7,0.0,False,394.7,True,False,394.7,2026-06-19,2026-06-19 17:00:00,17.0,False
T000432,C0139,Gun Phromla,gun.phromla139@example.com,M,Nakhon Ratchasima,2026-02-03,2026-02-03 19:00:00,Home,5,137.06,0.1,616.77,Credit Card,Returned,N,gun.phromla139@example.com,False,Original,Nakhon Ratchasima,False,Original,False,True,616.77,0.0,False,616.77,True,False,616.77,2026-02-03,2026-02-03 19:00:00,19.0,False
T000188,C0012,Mint Pattanakul,mint.pattanakul12@example.com,M,Chiang Mai,2026-02-23,2026-02-23 17:00:00,Food,5,779.43,0.0,2088.6400000000003,PromptPay,Processing,N,mint.pattanakul12@example.com,False,Original,Chiang Mai,False,Original,False,True,3897.15,1162.21,True,2734.94,True,True,3897.15,2026-02-23,2026-02-23 17:00:00,17.0,False
T000491,C0016,Korn Lertprasert,korn.lertprasert16@example.com,M,Khon Kaen,2026-04-05,2026-04-05 09:00:00,Food,3,216.03,0.15,550.88,Credit Card,Returned,N,korn.lertprasert16@example.com,False,Original,Khon Kaen,False,Original,False,True,550.88,0.0,False,550.88,True,False,550.88,2026-04-05,2026-04-05 09:00:00,9.0,False
T000427,C0116,Boss Wongsa,boss.wongsa116@example.com,F,Chonburi,2026-01-19,2026-01-19 14:00:00,Beauty,3,188.05,0.1,507.74,Bank Transfer,Completed,N,boss.wongsa116@example.com,False,Original,Chonburi,False,Original,False,True,507.74,0.0,False,507.74,True,False,507.74,2026-01-19,2026-01-19 14:00:00,14.0,False
T000289,C0096,Korn Dechawat,korn.dechawat96@example.com,M,Chonburi,2026-06-20,2026-06-20 18:00:00,Home,5,164.17,0.0,820.85,Bank Transfer,Processing,N,korn.dechawat96@example.com,False,Original,Chonburi,False,Original,False,True,820.85,0.0,False,820.85,True,False,820.85,2026-06-20,2026-06-20 18:00:00,18.0,False
T000247,C0048,Boss Dechawat,boss.dechawat48@example.com,F,Rayong,2026-05-21,2026-05-21 05:00:00,Food,2,116.7,0.0,233.4,PromptPay,Returned,N,boss.dechawat48@example.com,False,Original,Rayong,False,Original,False,True,233.4,0.0,False,233.4,True,False,233.4,2026-05-21,2026-05-21 05:00:00,5.0,False
T000415,C0006,Pim Khamdee,pim.khamdee6@example.com,M,Nakhon Ratchasima,2026-02-02,2026-02-02 03:00:00,Food,6,224.99,0.0,1349.94,Bank Transfer,Returned,N,pim.khamdee6@example.com,False,Original,Nakhon Ratchasima,False,Original,False,True,1349.94,0.0,False,1349.94,True,False,1349.94,2026-02-02,2026-02-02 03:00:00,3.0,False
T000431,C0005,Ploy Chaiyo,ploy.chaiyo5@example.com,F,Bangkok,2026-05-15,2026-05-15 09:00:00,Food,4,368.36,0.2,1178.75,Credit Card,Processing,N,ploy.chaiyo5@example.com,False,Original,Bangkok,False,Original,False,True,1178.75,0.0,False,1178.75,True,False,1178.75,2026-05-15,2026-05-15 09:00:00,9.0,False
T000133,C0087,May Sukjai,may.sukjai87@example.com,M,Chanthaburi,2026-06-19,2026-06-19 11:00:00,Electronics,6,158.25,0.0,949.5,Credit Card,Returned,N,may.sukjai87@example.com,False,Original,Chanthaburi,False,Original,False,True,949.5,0.0,False,949.5,True,False,949.5,2026-06-19,2026-06-19 11:00:00,11.0,False
T000212,C0106,Korn Srisawat,korn.srisawat106@example.com,M,Rayong,2026-04-05,2026-05-04 07:00:00,Home,6,286.92,0.1,1549.37,Bank Transfer,Cancelled,N,korn.srisawat106@example.com,False,Original,Rayong,False,Original,False,True,1549.37,0.0,False,1549.37,True,False,1549.37,2026-04-05,2026-05-04 07:00:00,703.0,True
T000034,C0117,Mint Phromla,mint.phromla117@example.com,F,Nakhon Ratchasima,2026-06-09,2026-06-09 10:00:00,Fashion,1,200.15,0.05,190.14,PromptPay,Completed,N,mint.phromla117@example.com,False,Original,Nakhon Ratchasima,False,Original,False,True,190.14,0.0,False,190.14,True,False,190.14,2026-06-09,2026-06-09 10:00:00,10.0,False
T000466,C0047,Ploy Saelim,ploy.saelim47@example.com,F,Khon Kaen,2026-05-16,2026-05-16 07:00:00,Home,5,120.77,0.0,603.85,Bank Transfer,Completed,N,,True,Mapped_From_History,Khon Kaen,False,Original,False,True,603.85,0.0,False,603.85,True,False,603.85,2026-05-16,2026-05-16 07:00:00,7.0,False
T000496,C0068,Beam Sukjai,beam.sukjai68@example.com,F,Bangkok,2026-03-25,2026-03-25 08:00:00,Food,5,169.79,0.1,764.06,Cash on Delivery,Processing,N,beam.sukjai68@example.com,False,Original,Bangkok,False,Original,False,True,764.06,0.009999999999990905,False,764.05,True,False,764.06,2026-03-25,2026-03-25 08:00:00,8.0,False
T000376,C0166,Jane Srisawat,jane.srisawat166@example.com,F,Nakhon Ratchasima,2026-04-14,2026-04-14 05:00:00,Beauty,5,80.57,0.0,402.85,PromptPay,Completed,N,jane.srisawat166@example.com,False,Original,Nakhon Ratchasima,False,Original,False,True,402.85,0.0,False,402.85,True,False,402.85,2026-04-14,2026-04-14 05:00:00,5.0,False
T000549,C0160,Mint Kittikul,mint.kittikul160@example.com,F,Chiang Mai,2026-01-31,2026-01-31 18:00:00,Fashion,3,313.72,0.0,941.16,Cash on Delivery,Returned,N,mint.kittikul160@example.com,False,Original,Chiang Mai,False,Original,False,True,941.16,0.0,False,941.16,True,False,941.16,2026-01-31,2026-01-31 18:00:00,18.0,False
T000040,C0034,Fah Pattanakul,fah.pattanakul34@example.com,M,Chiang Mai,2026-01-28,2026-01-28 19:00:00,Fashion,3,156.5,0.0,469.5,Bank Transfer,Processing,N,fah.pattanakul34@example.com,False,Original,Chiang Mai,False,Original,False,True,469.5,24.49000000000001,True,493.99,True,False,469.5,2026-01-28,2026-01-28 19:00:00,19.0,False
T000360,C0174,Ploy Kittikul,ploy.kittikul174@example.com,M,Chiang Mai,2026-04-07,2026-04-07 18:00:00,Beauty,5,188.59,0.0,942.95,Credit Card,Processing,N,ploy.kittikul174@example.com,False,Original,Chiang Mai,False,Original,False,True,942.95,0.0,False,942.95,True,False,942.95,2026-04-07,2026-04-07 18:00:00,18.0,False
T000209,C0002,Mint Thongdee,mint.thongdee2@example.com,F,Rayong,2026-01-23,2026-01-23 06:00:00,Food,1,299.62,0.0,299.62,Unknown,Completed,N,mint.thongdee2@example.com,False,Original,Rayong,False,Original,False,True,299.62,0.0,False,299.62,True,False,299.62,2026-01-23,2026-01-23 06:00:00,6.0,False
T000055,C0021,May Boonmee,may.boonmee21@example.com,F,Nakhon Ratchasima,2026-04-05,2026-05-04 19:00:00,Food,1,96.41,0.0,96.41,Unknown,Cancelled,N,may.boonmee21@example.com,False,Original,Nakhon Ratchasima,False,Original,False,True,96.41,0.0,False,96.41,True,False,96.41,2026-04-05,2026-05-04 19:00:00,715.0,True
T000385,C0103,Tee Phromla,tee.phromla103@example.com,F,Phuket,2026-02-21,2026-02-21 03:00:00,Home,3,331.97,0.0,995.91,Credit Card,Cancelled,N,tee.phromla103@example.com,False,Original,Phuket,False,Original,False,True,995.91,0.0,False,995.91,True,False,995.91,2026-02-21,2026-02-21 03:00:00,3.0,False
T900008,C0151,Mook Thongdee,mook.thongdee151@example.com,M,Bangkok,2026-03-15,2026-03-15 07:00:00,Sports,3,269.12,0.15,686.26,Bank Transfer,Processing,N,mook.thongdee151@example.com,False,Original,Bangkok,False,Original,False,True,686.26,0.0,False,686.26,True,False,686.26,2026-03-15,2026-03-15 07:00:00,7.0,False
T000400,C0153,Nont Chaiyo,nont.chaiyo153@example.com,F,Chiang Mai,2026-04-19,2026-04-19 11:00:00,Sports,3,162.55,0.0,487.65,PromptPay,Cancelled,N,nont.chaiyo153@example.com,False,Original,Chiang Mai,False,Original,False,True,487.65,0.0,False,487.65,True,False,487.65,2026-04-19,2026-04-19 11:00:00,11.0,False
T000030,C0082,Beam Srisawat,beam.srisawat82@example.com,M,Khon Kaen,2026-06-17,2026-06-17 17:00:00,Food,3,172.18,0.05,490.71,Bank Transfer,Processing,N,beam.srisawat82@example.com,False,Original,Khon Kaen,False,Original,False,True,490.71,0.0,False,490.71,True,False,490.71,2026-06-17,2026-06-17 17:00:00,17.0,False
T000123,C0117,Mint Phromla,mint.phromla117@example.com,F,Nakhon Ratchasima,2026-06-16,2026-06-16 14:00:00,Sports,2,90.18,0.05,171.34,Bank Transfer,Cancelled,N,mint.phromla117@example.com,False,Original,Nakhon Ratchasima,False,Original,False,True,171.34,0.0,False,171.34,True,False,171.34,2026-06-16,2026-06-16 14:00:00,14.0,False
T000153,C0143,Korn Srisawat,korn.srisawat143@example.com,M,Rayong,2026-05-17,2026-05-17 11:00:00,Home,6,121.84,0.05,694.49,Unknown,Cancelled,N,korn.srisawat143@example.com,False,Original,Rayong,False,Original,False,True,694.49,0.0,False,694.49,True,False,694.49,2026-05-17,2026-05-17 11:00:00,11.0,False
T000522,C0104,May Srisawat,may.srisawat104@example.com,F,Chonburi,2026-05-16,2026-05-16 06:00:00,Beauty,3,195.53,0.0,586.59,Unknown,Returned,N,may.srisawat104@example.com,False,Original,Chonburi,False,Original,False,True,586.59,0.0,False,586.59,True,False,586.59,2026-05-16,2026-05-16 06:00:00,6.0,False
T000357,C0137,Film Boonmee,film.boonmee137@example.com,M,Khon Kaen,2026-03-08,2026-03-08 14:00:00,Fashion,3,56.68,0.0,170.04,Cash on Delivery,Processing,N,film.boonmee137@example.com,False,Original,Khon Kaen,False,Original,False,True,170.04,0.0,False,170.04,True,False,170.04,2026-03-08,2026-03-08 14:00:00,14.0,False
T000131,C0108,Anan Khamdee,anan.khamdee108@example.com,M,Nakhon Ratchasima,2026-06-24,2026-06-24 04:00:00,Beauty,6,265.91,0.0,1595.46,Bank Transfer,Returned,N,anan.khamdee108@example.com,False,Original,Nakhon Ratchasima,False,Original,False,True,1595.46,0.0,False,1595.46,True,False,1595.46,2026-06-24,2026-06-24 04:00:00,4.0,False
T000493,C0173,Tee Wongsa,tee.wongsa173@example.com,M,Phuket,2026-02-03,2026-02-03 03:00:00,Beauty,3,286.06,0.0,858.18,Bank Transfer,Returned,N,tee.wongsa173@example.com,False,Original,Phuket,False,Original,False,True,858.18,0.0,False,858.18,True,False,858.18,2026-02-03,2026-02-03 03:00:00,3.0,False
T000409,C0072,Tee Lertprasert,tee.lertprasert72@example.com,F,Chanthaburi,2026-05-22,2026-05-22 05:00:00,Food,6,378.53,0.1,2044.06,Cash on Delivery,Processing,N,tee.lertprasert72@example.com,False,Original,Chanthaburi,False,Original,True,True,2044.06,0.0,False,2044.06,True,False,2044.06,2026-05-22,2026-05-22 05:00:00,5.0,False
T000406,C0028,Korn Rattanakul,korn.rattanakul28@example.com,M,Chonburi,2026-03-11,2026-03-11 07:00:00,Home,2,754.26,0.0,1508.52,Credit Card,Processing,Y,korn.rattanakul28@example.com,False,Original,Chonburi,False,Original,False,True,1508.52,18102.239999999998,True,19610.76,True,False,1508.52,2026-03-11,2026-03-11 07:00:00,7.0,False
T000562,C0146,Beam Maneerat,beam.maneerat146@example.com,F,Chanthaburi,2026-04-17,2026-04-17 13:00:00,Home,3,326.41,0.05,930.27,Bank Transfer,Cancelled,N,beam.maneerat146@example.com,False,Original,Chanthaburi,False,Original,False,True,930.27,0.0,False,930.27,True,False,930.27,2026-04-17,2026-04-17 13:00:00,13.0,False
T000072,C0097,Ploy Boonmee,ploy.boonmee97@example.com,F,Chiang Mai,2026-01-10,2026-01-10 19:00:00,Sports,4,66.11,0.0,264.44,Bank Transfer,Completed,N,ploy.boonmee97@example.com,False,Original,Chiang Mai,False,Original,False,True,264.44,0.0,False,264.44,True,False,264.44,2026-01-10,2026-01-10 19:00:00,19.0,False
T000361,C0007,Jane Saelim,jane.saelim7@example.com,M,Chiang Mai,2026-06-24,2026-06-24 09:00:00,Beauty,1,170.79,0.2,136.63,PromptPay,Completed,N,,True,Mapped_From_History,Chiang Mai,False,Original,False,True,136.63,0.0,False,136.63,True,False,136.63,2026-06-24,2026-06-24 09:00:00,9.0,False
T000314,C0135,Korn Srisawat,korn.srisawat135@example.com,F,Bangkok,2026-03-31,2026-03-31 11:00:00,Food,4,175.32,0.05,666.22,Bank Transfer,Cancelled,N,korn.srisawat135@example.com,False,Original,Bangkok,False,Original,False,True,666.22,0.0,False,666.22,True,False,666.22,2026-03-31,2026-03-31 11:00:00,11.0,False
T000384,C0138,Mint Dechawat,mint.dechawat138@example.com,M,Khon Kaen,2026-01-13,2026-01-13 06:00:00,Beauty,4,268.67,0.1,967.21,Unknown,Processing,N,,True,Mapped_From_History,Khon Kaen,False,Original,False,True,967.21,143.30999999999995,True,1110.52,True,False,967.21,2026-01-13,2026-01-13 06:00:00,6.0,False
T000263,C0064,Ploy Thongdee,ploy.thongdee64@example.com,F,Phuket,2026-03-06,2026-03-10 10:00:00,Food,4,242.46,0.1,872.86,Credit Card,Completed,N,ploy.thongdee64@example.com,False,Original,Phuket,False,Original,False,True,872.86,0.0,False,872.86,True,False,872.86,2026-03-06,2026-03-10 10:00:00,106.0,True
T000060,C0158,Nont Kittikul,nont.kittikul158@example.com,M,Nakhon Ratchasima,2026-03-04,2026-03-04 15:00:00,Beauty,5,97.05,0.15,412.46,Credit Card,Returned,N,nont.kittikul158@example.com,False,Original,Nakhon Ratchasima,False,Original,False,True,412.46,0.0,False,412.46,True,False,412.46,2026-03-04,2026-03-04 15:00:00,15.0,False
T000271,C0039,Beam Boonmee,beam.boonmee39@example.com,M,Rayong,2026-04-05,2026-05-04 08:00:00,Home,6,162.55,0.0,975.3,PromptPay,Cancelled,N,beam.boonmee39@example.com,False,Original,Rayong,False,Original,False,True,975.3,0.0,False,975.3,True,False,975.3,2026-04-05,2026-05-04 08:00:00,704.0,True
T000355,C0031,Ploy Rattanakul,ploy.rattanakul31@example.com,F,Chiang Mai,2026-05-19,2026-05-19 06:00:00,Electronics,99,286.94,0.0,2088.6400000000003,Bank Transfer,Completed,N,ploy.rattanakul31@example.com,False,Original,Chiang Mai,False,Original,False,False,28407.06,27546.24,True,860.82,True,True,28407.06,2026-05-19,2026-05-19 06:00:00,6.0,False
T000503,C0089,May Sukjai,may.sukjai89@example.com,F,Chiang Mai,2026-04-11,2026-04-11 07:00:00,Electronics,3,129.73,0.2,311.35,Unknown,Completed,Y,may.sukjai89@example.com,False,Original,Chiang Mai,False,Original,False,True,311.35,0.0,False,311.35,True,False,311.35,2026-04-11,2026-04-11 07:00:00,7.0,False
T000388,C0115,Korn Lertprasert,korn.lertprasert115@example.com,M,Phuket,2026-04-23,2026-04-23 06:00:00,Sports,4,71.99,0.1,259.16,Cash on Delivery,Completed,N,korn.lertprasert115@example.com,False,Original,Phuket,False,Original,False,True,259.16,66.34000000000003,True,192.82,True,False,259.16,2026-04-23,2026-04-23 06:00:00,6.0,False
T000217,C0127,Fah Rattanakul,fah.rattanakul127@example.com,F,Rayong,2026-05-10,2026-05-10 10:00:00,Fashion,4,97.44,0.0,389.76,PromptPay,Completed,N,fah.rattanakul127@example.com,False,Original,Rayong,False,Original,False,True,389.76,13.740000000000009,True,403.5,True,False,389.76,2026-05-10,2026-05-10 10:00:00,10.0,False
T000013,C0124,Aom Thongdee,aom.thongdee124@example.com,F,Khon Kaen,2026-05-21,2026-05-21 14:00:00,Electronics,5,375.75,0.0,1878.75,Cash on Delivery,Processing,N,,True,Mapped_From_History,Khon Kaen,False,Original,False,True,1878.75,214.1300000000001,True,1664.62,True,False,1878.75,2026-05-21,2026-05-21 14:00:00,14.0,False
T000147,C0038,Boss Kittikul,boss.kittikul38@example.com,F,Nakhon Ratchasima,2026-05-17,2026-05-17 03:00:00,Fashion,6,400.11,0.0,2088.6400000000003,Unknown,Processing,N,boss.kittikul38@example.com,False,Original,Nakhon Ratchasima,False,Original,False,True,2400.66,0.0,False,2400.66,True,True,2400.66,2026-05-17,2026-05-17 03:00:00,3.0,False
T000312,C0012,Mint Pattanakul,mint.pattanakul12@example.com,M,Chiang Mai,2026-03-25,2026-03-25 09:00:00,Home,1,373.85,0.1,336.46,Bank Transfer,Completed,N,,True,Mapped_From_History,Chiang Mai,False,Original,False,True,336.46,0.010000000000047748,False,336.47,True,False,336.46,2026-03-25,2026-03-25 09:00:00,9.0,False
T000285,C0028,Korn Rattanakul,korn.rattanakul28@example.com,M,Chonburi,2026-06-09,2026-06-09 11:00:00,Food,6,230.09,0.0,1380.54,Unknown,Completed,N,korn.rattanakul28@example.com,False,Original,Chonburi,False,Original,False,True,1380.54,0.0,False,1380.54,True,False,1380.54,2026-06-09,2026-06-09 11:00:00,11.0,False
T000101,C0074,Ice Kittikul,ice.kittikul74@example.com,M,Chonburi,2026-05-08,2026-05-08 06:00:00,Fashion,5,370.47,0.0,1852.35,Credit Card,Completed,N,ice.kittikul74@example.com,False,Original,Chonburi,False,Original,False,True,1852.35,0.0,False,1852.35,True,False,1852.35,2026-05-08,2026-05-08 06:00:00,6.0,False
T000257,C0060,Tee Maneerat,tee.maneerat60@example.com,M,Rayong,2026-03-24,2026-03-24 10:00:00,Electronics,2,217.62,0.0,435.24,Unknown,Completed,N,tee.maneerat60@example.com,False,Original,Rayong,False,Original,False,True,435.24,0.0,False,435.24,True,False,435.24,2026-03-24,2026-03-24 10:00:00,10.0,False
T000369,C0144,Gun Sukjai,gun.sukjai144@example.com,M,Phuket,2026-01-24,2026-01-24 16:00:00,Sports,3,379.61,0.0,1138.83,Cash on Delivery,Processing,N,gun.sukjai144@example.com,False,Original,Phuket,False,Original,False,True,1138.83,0.0,False,1138.83,True,False,1138.83,2026-01-24,2026-01-24 16:00:00,16.0,False
T000151,C0003,Mint Thongdee,Unknown,M,Phuket,2026-05-13,2026-05-13 04:00:00,Electronics,5,221.56,0.15,941.63,Credit Card,Completed,N,,True,Unknown_Placeholder,Phuket,False,Original,False,True,941.63,0.0,False,941.63,True,False,941.63,2026-05-13,2026-05-13 04:00:00,4.0,False
T000194,C0002,Mint Thongdee,mint.thongdee2@example.com,F,Rayong,2026-06-02,2026-06-02 03:00:00,Fashion,3,100.22,0.05,285.63,Unknown,Completed,N,mint.thongdee2@example.com,False,Original,Rayong,False,Original,False,True,285.63,0.0,False,285.63,True,False,285.63,2026-06-02,2026-06-02 03:00:00,3.0,False
T000378,C0047,Ploy Saelim,ploy.saelim47@example.com,F,Khon Kaen,2026-05-18,2026-05-18 17:00:00,Home,2,149.97,0.05,284.94,Bank Transfer,Processing,N,ploy.saelim47@example.com,False,Original,Khon Kaen,False,Original,False,True,284.94,0.0,False,284.94,True,False,284.94,2026-05-18,2026-05-18 17:00:00,17.0,False
T000081,C0005,Ploy Chaiyo,ploy.chaiyo5@example.com,F,Bangkok,2026-06-10,2026-06-11 09:00:00,Food,3,95.64,0.1,258.23,Credit Card,Processing,N,,True,Mapped_From_History,Bangkok,False,Original,False,True,258.23,0.0,False,258.23,True,False,258.23,2026-06-10,2026-06-11 09:00:00,33.0,True
T000218,C0082,Beam Srisawat,beam.srisawat82@example.com,M,Khon Kaen,2026-02-06,2026-02-06 13:00:00,Sports,5,59.38,0.0,296.9,Cash on Delivery,Completed,N,beam.srisawat82@example.com,False,Original,Khon Kaen,False,Original,False,True,296.9,0.0,False,296.9,True,False,296.9,2026-02-06,2026-02-06 13:00:00,13.0,False
T000132,C0101,Boss Phromla,boss.phromla101@example.com,M,Bangkok,2026-05-16,2026-05-20 17:00:00,Sports,4,389.96,0.1,1403.86,Bank Transfer,Cancelled,N,boss.phromla101@example.com,False,Original,Bangkok,False,Original,False,True,1403.86,0.0,False,1403.86,True,False,1403.86,2026-05-16,2026-05-20 17:00:00,113.0,True
T000164,C0114,Ploy Thongdee,ploy.thongdee114@example.com,M,Nakhon Ratchasima,2026-02-15,2026-02-18 15:00:00,Food,5,99.6,0.1,448.2,Bank Transfer,Returned,N,ploy.thongdee114@example.com,False,Original,Nakhon Ratchasima,False,Original,False,True,448.2,0.0,False,448.2,True,False,448.2,2026-02-15,2026-02-18 15:00:00,87.0,True
T000455,C0023,Beam Boonmee,beam.boonmee23@example.com,M,Khon Kaen,2026-06-03,2026-06-03 03:00:00,Electronics,2,348.59,0.1,627.46,Cash on Delivery,Processing,N,beam.boonmee23@example.com,False,Original,Khon Kaen,False,Original,False,True,627.46,0.0,False,627.46,True,False,627.46,2026-06-03,2026-06-03 03:00:00,3.0,False
T000478,C0122,Anan Wongsa,anan.wongsa122@example.com,M,Chanthaburi,2026-03-16,2026-03-16 18:00:00,Fashion,2,367.69,0.0,735.38,Credit Card,Cancelled,N,anan.wongsa122@example.com,False,Original,Chanthaburi,False,Original,False,True,735.38,0.0,False,735.38,True,False,735.38,2026-03-16,2026-03-16 18:00:00,18.0,False
T000536,C0151,Mook Thongdee,mook.thongdee151@example.com,M,Bangkok,2026-03-15,2026-03-15 07:00:00,Sports,3,269.12,0.15,686.26,Bank Transfer,Processing,N,mook.thongdee151@example.com,False,Original,Bangkok,False,Original,False,True,686.26,0.0,False,686.26,True,False,686.26,2026-03-15,2026-03-15 07:00:00,7.0,False
T000193,C0128,Ploy Khamdee,ploy.khamdee128@example.com,M,Bangkok,2026-01-17,2026-01-17 02:00:00,Sports,3,144.29,0.2,346.3,Bank Transfer,Returned,N,ploy.khamdee128@example.com,False,Original,Bangkok,False,Original,False,True,346.3,0.0,False,346.3,True,False,346.3,2026-01-17,2026-01-17 02:00:00,2.0,False
T000366,C0134,Pim Wongsa,pim.wongsa134@example.com,M,Chanthaburi,2026-01-05,2026-05-01 14:00:00,Fashion,5,311.08,0.0,1555.4,Bank Transfer,Returned,N,pim.wongsa134@example.com,False,Original,Chanthaburi,False,Original,False,True,1555.4,0.0,False,1555.4,True,False,1555.4,2026-01-05,2026-05-01 14:00:00,2798.0,True
T000539,C0055,Beam Thongdee,beam.thongdee55@example.com,M,Chonburi,2026-03-25,2026-03-25 03:00:00,Home,1,238.15,0.0,238.15,Unknown,Completed,N,beam.thongdee55@example.com,False,Original,Chonburi,False,Original,False,True,238.15,0.0,False,238.15,True,False,238.15,2026-03-25,2026-03-25 03:00:00,3.0,False
T000114,C0145,Tee Srisawat,tee.srisawat145@example.com,M,Nakhon Ratchasima,2026-04-21,2026-04-21 12:00:00,Beauty,3,178.6,0.1,482.22,Bank Transfer,Cancelled,N,tee.srisawat145@example.com,False,Original,Nakhon Ratchasima,False,Original,False,True,482.22,0.0,False,482.22,True,False,482.22,2026-04-21,2026-04-21 12:00:00,12.0,False
T000450,C0120,Mook Boonmee,mook.boonmee120@example.com,M,Chonburi,2026-03-04,2026-04-03 17:00:00,Electronics,5,298.23,0.0,1491.15,Bank Transfer,Cancelled,N,mook.boonmee120@example.com,False,Original,Chonburi,False,Original,False,True,1491.15,0.0,False,1491.15,True,False,1491.15,2026-03-04,2026-04-03 17:00:00,737.0,True
T000136,C0033,Pim Srisawat,pim.srisawat33@example.com,M,Rayong,2026-05-26,2026-05-26 17:00:00,Sports,4,157.09,0.2,502.69,Credit Card,Completed,N,pim.srisawat33@example.com,False,Original,Rayong,False,Original,False,True,502.69,0.0,False,502.69,True,False,502.69,2026-05-26,2026-05-26 17:00:00,17.0,False
T000495,C0082,Beam Srisawat,beam.srisawat82@example.com,M,Khon Kaen,2026-02-10,2026-02-10 02:00:00,Beauty,1,450.25,0.05,427.74,PromptPay,Processing,N,beam.srisawat82@example.com,False,Original,Khon Kaen,False,Original,False,True,427.74,0.0,False,427.74,True,False,427.74,2026-02-10,2026-02-10 02:00:00,2.0,False
T000017,C0018,Nont Chaiyo,nont.chaiyo18@example.com,M,Phuket,2026-01-27,2026-01-27 11:00:00,Home,1,128.16,0.05,121.75,Unknown,Processing,N,nont.chaiyo18@example.com,False,Original,Phuket,False,Original,False,True,121.75,0.0,False,121.75,True,False,121.75,2026-01-27,2026-01-27 11:00:00,11.0,False
T000557,C0173,Tee Wongsa,tee.wongsa173@example.com,M,Phuket,2026-05-12,2026-05-12 08:00:00,Food,3,160.58,0.2,385.39,Cash on Delivery,Completed,Y,tee.wongsa173@example.com,False,Original,Phuket,False,Original,False,True,385.39,0.0,False,385.39,True,False,385.39,2026-05-12,2026-05-12 08:00:00,8.0,False
T000071,C0137,Film Boonmee,film.boonmee137@example.com,M,Khon Kaen,2026-01-16,2026-01-16 15:00:00,Fashion,2,478.1,0.15,812.77,PromptPay,Cancelled,N,,True,Mapped_From_History,Khon Kaen,False,Original,False,True,812.77,0.0,False,812.77,True,False,812.77,2026-01-16,2026-01-16 15:00:00,15.0,False
T000031,C0069,Jane Saelim,jane.saelim69@example.com,M,Khon Kaen,2026-05-10,2026-05-10 12:00:00,Electronics,3,101.59,0.05,289.53,Credit Card,Cancelled,N,,True,Mapped_From_History,Khon Kaen,False,Original,False,True,289.53,0.0,False,289.53,True,False,289.53,2026-05-10,2026-05-10 12:00:00,12.0,False
T000142,C0128,Ploy Khamdee,ploy.khamdee128@example.com,M,Bangkok,2026-01-04,2026-04-01 13:00:00,Electronics,2,143.96,0.15,244.73,Unknown,Completed,N,ploy.khamdee128@example.com,False,Original,Bangkok,False,Original,False,True,244.73,0.0,False,244.73,True,False,244.73,2026-01-04,2026-04-01 13:00:00,2101.0,True
T000578,C0015,New Pattanakul,new.pattanakul15@example.com,F,Bangkok,2026-03-28,2026-03-28 11:00:00,Beauty,4,447.52,0.2,1432.06,Cash on Delivery,Returned,N,new.pattanakul15@example.com,False,Original,Bangkok,False,Original,False,True,1432.06,0.0,False,1432.06,True,False,1432.06,2026-03-28,2026-03-28 11:00:00,11.0,False
T000402,C0167,Anan Sukjai,anan.sukjai167@example.com,M,Nakhon Ratchasima,2026-02-17,2026-02-17 14:00:00,Fashion,3,81.2,0.0,243.6,Credit Card,Cancelled,N,anan.sukjai167@example.com,False,Original,Nakhon Ratchasima,False,Original,False,True,243.6,0.0,False,243.6,True,False,243.6,2026-02-17,2026-02-17 14:00:00,14.0,False
T000516,C0063,Korn Wongsa,korn.wongsa63@example.com,M,Bangkok,2026-06-09,2026-06-09 09:00:00,Sports,1,104.25,0.15,88.61,Bank Transfer,Completed,N,korn.wongsa63@example.com,False,Original,Bangkok,False,Original,False,True,88.61,0.0,False,88.61,True,False,88.61,2026-06-09,2026-06-09 09:00:00,9.0,False
T000011,C0046,Nont Boonmee,nont.boonmee46@example.com,F,Chiang Mai,2026-06-11,2026-06-11 15:00:00,Food,5,54.49,0.0,272.45,Credit Card,Cancelled,N,nont.boonmee46@example.com,False,Original,Chiang Mai,False,Original,False,True,272.45,0.0,False,272.45,True,False,272.45,2026-06-11,2026-06-11 15:00:00,15.0,False
T000422,C0061,Tee Maneerat,tee.maneerat61@example.com,M,Chiang Mai,2026-04-19,2026-04-19 17:00:00,Beauty,2,113.88,0.0,227.76,Unknown,Returned,N,tee.maneerat61@example.com,False,Original,Chiang Mai,False,Original,False,True,227.76,29.460000000000036,True,257.22,True,False,227.76,2026-04-19,2026-04-19 17:00:00,17.0,False
T000487,C0013,Narin Wongsa,narin.wongsa13@example.com,F,Khon Kaen,2026-02-05,2026-02-05 18:00:00,Food,1,343.93,0.1,309.54,Bank Transfer,Cancelled,N,narin.wongsa13@example.com,False,Original,Khon Kaen,False,Original,False,True,309.54,0.0,False,309.54,True,False,309.54,2026-02-05,2026-02-05 18:00:00,18.0,False
T000227,C0079,Mook Srisawat,mook.srisawat79@example.com,F,Chanthaburi,2026-05-27,2026-05-27 04:00:00,Electronics,3,122.62,0.0,367.86,Cash on Delivery,Returned,N,mook.srisawat79@example.com,False,Original,Chanthaburi,False,Original,False,True,367.86,0.0,False,367.86,True,False,367.86,2026-05-27,2026-05-27 04:00:00,4.0,False
T000053,C0116,Boss Wongsa,boss.wongsa116@example.com,F,Chonburi,2026-04-07,2026-04-07 13:00:00,Home,3,211.11,0.05,601.66,Unknown,Returned,N,boss.wongsa116@example.com,False,Original,Chonburi,False,Original,False,True,601.66,0.0,False,601.66,True,False,601.66,2026-04-07,2026-04-07 13:00:00,13.0,False
T000047,C0131,Narin Rattanakul,narin.rattanakul131@example.com,F,Khon Kaen,2026-04-04,2026-04-08 22:00:00,Sports,2,85.82,0.1,154.48,Credit Card,Cancelled,N,narin.rattanakul131@example.com,False,Original,Khon Kaen,False,Original,False,True,154.48,0.0,False,154.48,True,False,154.48,2026-04-04,2026-04-08 22:00:00,118.0,True
T000470,C0046,Nont Boonmee,nont.boonmee46@example.com,F,Chiang Mai,2026-04-17,2026-04-17 07:00:00,Electronics,3,76.17,0.0,228.51,Credit Card,Completed,N,,True,Mapped_From_History,Chiang Mai,False,Original,False,True,228.51,0.0,False,228.51,True,False,228.51,2026-04-17,2026-04-17 07:00:00,7.0,False
T000538,C0010,Beam Sukjai,beam.sukjai10@example.com,M,Phuket,2026-03-20,2026-03-20 08:00:00,Fashion,1,145.78,0.05,138.49,Unknown,Returned,N,beam.sukjai10@example.com,False,Original,Phuket,False,Original,False,True,138.49,48.250000000000014,True,90.24,True,False,138.49,2026-03-20,2026-03-20 08:00:00,8.0,False
T000262,C0091,Beam Maneerat,beam.maneerat91@example.com,M,Chonburi,2026-06-03,2026-06-03 09:00:00,Beauty,1,451.69,0.0,451.69,Credit Card,Returned,N,beam.maneerat91@example.com,False,Original,Chonburi,False,Original,False,True,451.69,0.0,False,451.69,True,False,451.69,2026-06-03,2026-06-03 09:00:00,9.0,False
T000156,C0174,Ploy Kittikul,ploy.kittikul174@example.com,M,Chiang Mai,2026-03-18,2026-03-18 11:00:00,Fashion,4,301.08,0.0,1204.32,Bank Transfer,Processing,N,ploy.kittikul174@example.com,False,Original,Chiang Mai,False,Original,False,True,1204.32,0.0,False,1204.32,True,False,1204.32,2026-03-18,2026-03-18 11:00:00,11.0,False
T000386,C0049,Gun Dechawat,gun.dechawat49@example.com,F,Nakhon Ratchasima,2026-03-26,2026-03-26 16:00:00,Home,6,91.88,0.0,551.28,Unknown,Completed,N,gun.dechawat49@example.com,False,Original,Nakhon Ratchasima,False,Original,False,True,551.28,999447.72,True,999999.0,True,False,551.28,2026-03-26,2026-03-26 16:00:00,16.0,False
T000373,C0052,Gun Dechawat,gun.dechawat52@example.com,F,Rayong,2026-03-17,2026-03-17 19:00:00,Beauty,2,211.43,0.0,422.86,Credit Card,Cancelled,N,gun.dechawat52@example.com,False,Original,Rayong,False,Original,False,True,422.86,0.0,False,422.86,True,False,422.86,2026-03-17,2026-03-17 19:00:00,19.0,False
T000517,C0155,Korn Srisawat,korn.srisawat155@example.com,F,Phuket,2026-02-08,2026-02-08 18:00:00,Home,2,527.03,0.0,1054.06,Cash on Delivery,Returned,N,korn.srisawat155@example.com,False,Original,Phuket,False,Original,False,True,1054.06,0.0,False,1054.06,True,False,1054.06,2026-02-08,2026-02-08 18:00:00,18.0,False
T000325,C0008,Ice Rattanakul,ice.rattanakul8@example.com,M,Chiang Mai,2026-03-30,2026-03-30 08:00:00,Electronics,1,191.52,0.0,191.52,Cash on Delivery,Cancelled,N,ice.rattanakul8@example.com,False,Original,Chiang Mai,False,Original,False,True,191.52,0.0,False,191.52,True,False,191.52,2026-03-30,2026-03-30 08:00:00,8.0,False
T000597,C0052,Gun Dechawat,gun.dechawat52@example.com,F,Rayong,2026-03-30,2026-03-30 02:00:00,Beauty,1,426.97,0.0,426.97,PromptPay,Returned,N,,True,Mapped_From_History,Rayong,False,Original,False,True,426.97,0.0,False,426.97,True,False,426.97,2026-03-30,2026-03-30 02:00:00,2.0,False
T000190,C0147,Film Chaiyo,film.chaiyo147@example.com,M,Chiang Mai,2026-01-24,2026-01-24 04:00:00,Home,1,160.97,0.05,152.92,Cash on Delivery,Completed,N,film.chaiyo147@example.com,False,Original,Chiang Mai,False,Original,False,True,152.92,0.0,False,152.92,True,False,152.92,2026-01-24,2026-01-24 04:00:00,4.0,False
T900005,C0090,Mook Sukjai,mook.sukjai90@example.com,M,Chanthaburi,2026-04-04,2026-04-04 01:00:00,Electronics,2,164.39,0.0,328.78,PromptPay,Cancelled,N,mook.sukjai90@example.com,False,Original,Chanthaburi,False,Original,False,True,328.78,0.0,False,328.78,True,False,328.78,2026-04-04,2026-04-04 01:00:00,1.0,False
T000480,C0159,Nont Dechawat,nont.dechawat159@example.com,M,Chiang Mai,2026-02-15,2026-02-15 05:00:00,Food,4,637.89,0.0,2088.6400000000003,PromptPay,Completed,N,nont.dechawat159@example.com,False,Original,Chiang Mai,False,Original,False,True,2551.56,0.0,False,2551.56,True,True,2551.56,2026-02-15,2026-02-15 05:00:00,5.0,False
T000504,C0034,Fah Pattanakul,fah.pattanakul34@example.com,M,Chiang Mai,2026-05-24,2026-05-24 04:00:00,Home,2,166.19,0.0,332.38,Cash on Delivery,Processing,N,fah.pattanakul34@example.com,False,Original,Chiang Mai,False,Original,False,True,332.38,0.0,False,332.38,True,False,332.38,2026-05-24,2026-05-24 04:00:00,4.0,False
T000085,C0002,Mint Thongdee,mint.thongdee2@example.com,F,Rayong,2026-02-10,2026-02-10 17:00:00,Beauty,2,207.86,0.15,353.36,Cash on Delivery,Cancelled,N,mint.thongdee2@example.com,False,Original,Rayong,False,Original,False,True,353.36,0.0,False,353.36,True,False,353.36,2026-02-10,2026-02-10 17:00:00,17.0,False
T000324,C0102,Nont Saelim,nont.saelim102@example.com,M,Chanthaburi,2026-02-06,2026-02-06 02:00:00,Sports,4,324.36,0.0,1297.44,Bank Transfer,Returned,N,nont.saelim102@example.com,False,Original,Chanthaburi,False,Original,False,True,1297.44,0.0,False,1297.44,True,False,1297.44,2026-02-06,2026-02-06 02:00:00,2.0,False
T000201,C0014,Beam Thongdee,beam.thongdee14@example.com,M,Chonburi,2026-01-28,2026-01-28 19:00:00,Fashion,1,379.52,0.0,379.52,PromptPay,Processing,N,beam.thongdee14@example.com,False,Original,Chonburi,False,Original,False,True,379.52,0.0,False,379.52,True,False,379.52,2026-01-28,2026-01-28 19:00:00,19.0,False
T000223,C0158,Nont Kittikul,nont.kittikul158@example.com,M,Nakhon Ratchasima,2026-03-13,2026-03-13 09:00:00,Sports,2,164.8,0.0,329.6,Bank Transfer,Cancelled,N,nont.kittikul158@example.com,False,Original,Nakhon Ratchasima,False,Original,False,True,329.6,0.0,False,329.6,True,False,329.6,2026-03-13,2026-03-13 09:00:00,9.0,False
T000249,C0077,Tee Chaiyo,tee.chaiyo77@example.com,F,Khon Kaen,2026-04-30,2026-04-30 10:00:00,Electronics,4,393.3,0.0,1573.2,Credit Card,Cancelled,N,tee.chaiyo77@example.com,False,Original,Khon Kaen,False,Original,False,True,1573.2,0.0,False,1573.2,True,False,1573.2,2026-04-30,2026-04-30 10:00:00,10.0,False
T000551,C0069,Jane Saelim,jane.saelim69@example.com,M,Khon Kaen,2026-03-04,2026-04-03 19:00:00,Sports,6,618.74,0.0,2088.6400000000003,PromptPay,Processing,N,jane.saelim69@example.com,False,Original,Khon Kaen,False,Original,False,True,3712.44,0.0,False,3712.44,True,True,3712.44,2026-03-04,2026-04-03 19:00:00,739.0,True
T000581,C0165,Nont Thongdee,nont.thongdee165@example.com,F,Nakhon Ratchasima,2026-02-18,2026-02-18 09:00:00,Home,1,219.66,0.1,197.69,PromptPay,Completed,N,nont.thongdee165@example.com,False,Original,Nakhon Ratchasima,False,Original,False,True,197.69,0.0,False,197.69,True,False,197.69,2026-02-18,2026-02-18 09:00:00,9.0,False
T000521,C0022,Film Kittikul,film.kittikul22@example.com,F,Nakhon Ratchasima,2026-02-19,2026-02-19 17:00:00,Electronics,1,244.3,0.2,195.44,Credit Card,Cancelled,N,film.kittikul22@example.com,False,Original,Nakhon Ratchasima,False,Original,False,True,195.44,0.0,False,195.44,True,False,195.44,2026-02-19,2026-02-19 17:00:00,17.0,False
T000526,C0144,Gun Sukjai,gun.sukjai144@example.com,M,Phuket,2026-03-21,2026-03-21 17:00:00,Fashion,2,148.59,0.0,297.18,Cash on Delivery,Processing,N,gun.sukjai144@example.com,False,Original,Phuket,False,Original,False,True,297.18,0.0,False,297.18,True,False,297.18,2026-03-21,2026-03-21 17:00:00,17.0,False
T000343,C0130,Jane Srisawat,jane.srisawat130@example.com,F,Nakhon Ratchasima,2026-02-06,2026-02-06 07:00:00,Electronics,4,187.75,0.0,751.0,Credit Card,Completed,N,jane.srisawat130@example.com,False,Original,Nakhon Ratchasima,False,Original,False,True,751.0,0.0,False,751.0,True,False,751.0,2026-02-06,2026-02-06 07:00:00,7.0,False
T000068,C0138,Mint Dechawat,mint.dechawat138@example.com,M,Khon Kaen,2026-01-29,2026-01-29 04:00:00,Electronics,1,73.56,0.0,73.56,Bank Transfer,Cancelled,N,mint.dechawat138@example.com,False,Original,Khon Kaen,False,Original,False,True,73.56,0.0,False,73.56,True,False,73.56,2026-01-29,2026-01-29 04:00:00,4.0,False
T000512,C0171,Beam Lertprasert,beam.lertprasert171@example.com,F,Rayong,2026-04-13,2026-04-13 09:00:00,Beauty,4,84.31,0.0,337.24,Unknown,Processing,N,beam.lertprasert171@example.com,False,Original,Rayong,False,Original,False,True,337.24,0.0,False,337.24,True,False,337.24,2026-04-13,2026-04-13 09:00:00,9.0,False
T000113,C0153,Nont Chaiyo,nont.chaiyo153@example.com,F,Chiang Mai,2026-03-28,2026-03-28 18:00:00,Electronics,5,180.46,0.15,766.96,Credit Card,Returned,N,nont.chaiyo153@example.com,False,Original,Chiang Mai,False,Original,False,True,766.96,0.0,False,766.96,True,False,766.96,2026-03-28,2026-03-28 18:00:00,18.0,False
T000224,C0022,Film Kittikul,film.kittikul22@example.com,F,Nakhon Ratchasima,2026-01-05,2026-01-05 10:00:00,Fashion,1,87.31,0.05,82.94,Bank Transfer,Returned,N,film.kittikul22@example.com,False,Original,Nakhon Ratchasima,False,Original,False,True,82.94,0.0,False,82.94,True,False,82.94,2026-01-05,2026-01-05 10:00:00,10.0,False
T000069,C0147,Film Chaiyo,film.chaiyo147@example.com,M,Chiang Mai,2026-06-04,2026-06-04 13:00:00,Food,4,380.85,0.2,1218.72,Unknown,Processing,N,film.chaiyo147@example.com,False,Original,Chiang Mai,False,Original,False,True,1218.72,0.0,False,1218.72,True,False,1218.72,2026-06-04,2026-06-04 13:00:00,13.0,False
T000078,C0120,Mook Boonmee,mook.boonmee120@example.com,M,Chonburi,2026-02-24,2026-02-24 16:00:00,Home,5,132.52,0.15,563.21,Bank Transfer,Cancelled,N,mook.boonmee120@example.com,False,Original,Chonburi,False,Original,False,True,563.21,0.0,False,563.21,True,False,563.21,2026-02-24,2026-02-24 16:00:00,16.0,False
T000174,C0004,Tee Dechawat,tee.dechawat4@example.com,M,Bangkok,2026-04-30,2026-04-30 14:00:00,Beauty,3,382.84,0.0,1148.52,Unknown,Processing,N,tee.dechawat4@example.com,False,Original,Bangkok,False,Original,False,True,1148.52,0.0,False,1148.52,True,False,1148.52,2026-04-30,2026-04-30 14:00:00,14.0,False
T000006,C0179,Jane Chaiyo,jane.chaiyo179@example.com,F,Chanthaburi,2026-06-29,2026-06-29 01:00:00,Fashion,4,119.57,0.15,406.54,Bank Transfer,Completed,N,jane.chaiyo179@example.com,False,Original,Chanthaburi,False,Original,False,True,406.54,123.04000000000002,True,283.5,True,False,406.54,2026-06-29,2026-06-29 01:00:00,1.0,False
T000154,C0025,Mook Srisawat,mook.srisawat25@example.com,M,Nakhon Ratchasima,2026-03-07,2026-03-07 17:00:00,Electronics,1,189.98,0.0,189.98,Unknown,Returned,N,mook.srisawat25@example.com,False,Original,Nakhon Ratchasima,False,Original,False,True,189.98,0.0,False,189.98,True,False,189.98,2026-03-07,2026-03-07 17:00:00,17.0,False
T000204,C0037,Jane Phromla,jane.phromla37@example.com,M,Chiang Mai,2026-05-05,2026-05-05 03:00:00,Beauty,2,411.88,0.1,741.38,Bank Transfer,Cancelled,N,jane.phromla37@example.com,False,Original,Chiang Mai,False,Original,False,True,741.38,0.0,False,741.38,True,False,741.38,2026-05-05,2026-05-05 03:00:00,3.0,False
T000290,C0137,Film Boonmee,film.boonmee137@example.com,M,Khon Kaen,2026-01-18,2026-01-18 06:00:00,Home,3,473.43,0.0,1420.29,Unknown,Processing,N,film.boonmee137@example.com,False,Original,Khon Kaen,False,Original,False,True,1420.29,268.97,True,1689.26,True,False,1420.29,2026-01-18,2026-01-18 06:00:00,6.0,False
T000595,C0046,Nont Boonmee,nont.boonmee46@example.com,F,Chiang Mai,2026-03-05,2026-03-05 04:00:00,Home,5,169.18,0.1,761.31,Cash on Delivery,Completed,N,nont.boonmee46@example.com,False,Original,Chiang Mai,False,Original,False,True,761.31,0.0,False,761.31,True,False,761.31,2026-03-05,2026-03-05 04:00:00,4.0,False
T000423,C0019,Korn Dechawat,korn.dechawat19@example.com,M,Nakhon Ratchasima,2026-01-09,2026-01-09 06:00:00,Food,1,337.51,0.0,337.51,Cash on Delivery,Cancelled,N,korn.dechawat19@example.com,False,Original,Nakhon Ratchasima,False,Original,False,True,337.51,0.0,False,337.51,True,False,337.51,2026-01-09,2026-01-09 06:00:00,6.0,False
T000580,C0063,Korn Wongsa,korn.wongsa63@example.com,M,Bangkok,2026-05-12,2026-05-12 02:00:00,Home,1,170.82,0.0,170.82,PromptPay,Processing,N,korn.wongsa63@example.com,False,Original,Bangkok,False,Original,False,True,170.82,0.0,False,170.82,True,False,170.82,2026-05-12,2026-05-12 02:00:00,2.0,False
T000059,C0179,Jane Chaiyo,jane.chaiyo179@example.com,F,Chanthaburi,2026-05-26,2026-05-26 13:00:00,Home,2,317.87,0.1,572.17,Credit Card,Returned,N,jane.chaiyo179@example.com,False,Original,Chanthaburi,False,Original,False,True,572.17,217.71000000000004,True,789.88,True,False,572.17,2026-05-26,2026-05-26 13:00:00,13.0,False
T000291,C0086,Korn Dechawat,korn.dechawat86@example.com,F,Nakhon Ratchasima,2026-01-09,2026-01-13 12:00:00,Beauty,3,66.91,0.05,190.69,Bank Transfer,Processing,N,korn.dechawat86@example.com,False,Original,Nakhon Ratchasima,False,Original,False,True,190.69,0.0,False,190.69,True,False,190.69,2026-01-09,2026-01-13 12:00:00,108.0,True
T000284,C0135,Korn Srisawat,korn.srisawat135@example.com,F,Bangkok,2026-04-05,2026-04-05 06:00:00,Fashion,5,230.27,0.0,1151.35,Unknown,Returned,N,korn.srisawat135@example.com,False,Original,Bangkok,False,Original,False,True,1151.35,0.0,False,1151.35,True,False,1151.35,2026-04-05,2026-04-05 06:00:00,6.0,False
T000046,C0149,May Pattanakul,may.pattanakul149@example.com,F,Chiang Mai,2026-04-20,2026-04-20 04:00:00,Fashion,5,318.51,0.0,1592.55,Bank Transfer,Cancelled,N,may.pattanakul149@example.com,False,Original,Chiang Mai,False,Original,False,True,1592.55,0.0,False,1592.55,True,False,1592.55,2026-04-20,2026-04-20 04:00:00,4.0,False
T000198,C0114,Ploy Thongdee,ploy.thongdee114@example.com,M,Nakhon Ratchasima,2026-03-13,2026-03-13 17:00:00,Electronics,6,185.56,0.0,1113.36,PromptPay,Completed,N,ploy.thongdee114@example.com,False,Original,Nakhon Ratchasima,False,Original,False,True,1113.36,0.0,False,1113.36,True,False,1113.36,2026-03-13,2026-03-13 17:00:00,17.0,False
T000294,C0011,Mint Rattanakul,mint.rattanakul11@example.com,F,Chanthaburi,2026-06-14,2026-06-14 06:00:00,Sports,1,339.66,0.0,339.66,Credit Card,Completed,N,mint.rattanakul11@example.com,False,Original,Chanthaburi,False,Original,False,True,339.66,0.0,False,339.66,True,False,339.66,2026-06-14,2026-06-14 06:00:00,6.0,False
T000323,C0114,Ploy Thongdee,ploy.thongdee114@example.com,M,Nakhon Ratchasima,2026-06-14,2026-06-14 09:00:00,Beauty,5,64.65,0.1,290.92,Bank Transfer,Completed,N,ploy.thongdee114@example.com,False,Original,Nakhon Ratchasima,False,Original,False,True,290.92,0.009999999999990905,False,290.93,True,False,290.92,2026-06-14,2026-06-14 09:00:00,9.0,False
T000120,C0021,May Boonmee,may.boonmee21@example.com,F,Nakhon Ratchasima,2026-05-13,2026-05-13 14:00:00,Beauty,6,260.0,0.0,1560.0,PromptPay,Returned,N,may.boonmee21@example.com,False,Original,Nakhon Ratchasima,False,Original,False,True,1560.0,0.0,False,1560.0,True,False,1560.0,2026-05-13,2026-05-13 14:00:00,14.0,False
T000345,C0079,Mook Srisawat,mook.srisawat79@example.com,F,Chanthaburi,2026-06-29,2026-06-29 04:00:00,Sports,5,294.59,0.0,1472.95,Bank Transfer,Returned,N,mook.srisawat79@example.com,False,Original,Chanthaburi,False,Original,False,True,1472.95,0.0,False,1472.95,True,False,1472.95,2026-06-29,2026-06-29 04:00:00,4.0,False
T000541,C0021,May Boonmee,may.boonmee21@example.com,F,Nakhon Ratchasima,2026-03-26,2026-03-26 04:00:00,Food,3,214.9,0.0,644.7,Unknown,Processing,N,may.boonmee21@example.com,False,Original,,True,Mapped_From_History,False,True,644.7,0.0,False,644.7,True,False,644.7,2026-03-26,2026-03-26 04:00:00,4.0,False
T000395,C0093,Bank Thongdee,bank.thongdee93@example.com,F,Khon Kaen,2026-02-05,2026-02-05 09:00:00,Beauty,5,362.09,0.0,1810.45,Cash on Delivery,Cancelled,N,bank.thongdee93@example.com,False,Original,Khon Kaen,False,Original,False,True,1810.45,0.0,False,1810.45,True,False,1810.45,2026-02-05,2026-02-05 09:00:00,9.0,False
T000028,C0178,Anan Wongsa,anan.wongsa178@example.com,M,Khon Kaen,2026-01-28,2026-01-28 02:00:00,Fashion,5,86.54,0.0,432.7,Cash on Delivery,Processing,N,,True,Mapped_From_History,Khon Kaen,False,Original,False,True,432.7,0.0,False,432.7,True,False,432.7,2026-01-28,2026-01-28 02:00:00,2.0,False
T000392,C0077,Tee Chaiyo,tee.chaiyo77@example.com,F,Khon Kaen,2026-06-26,2026-06-26 16:00:00,Electronics,5,539.43,0.1,2088.6400000000003,Bank Transfer,Cancelled,N,tee.chaiyo77@example.com,False,Original,Khon Kaen,False,Original,False,True,2427.44,0.010000000000218279,False,2427.43,True,True,2427.44,2026-06-26,2026-06-26 16:00:00,16.0,False
T000086,C0143,Korn Srisawat,korn.srisawat143@example.com,M,Rayong,2026-05-05,2026-05-05 10:00:00,Home,3,161.21,0.1,435.27,PromptPay,Processing,N,korn.srisawat143@example.com,False,Original,Rayong,False,Original,False,True,435.27,0.0,False,435.27,True,False,435.27,2026-05-05,2026-05-05 10:00:00,10.0,False
T000500,C0125,May Lertprasert,may.lertprasert125@example.com,F,Rayong,2026-02-23,2026-02-23 19:00:00,Fashion,3,184.24,0.1,497.45,Credit Card,Processing,N,,True,Mapped_From_History,Rayong,False,Original,False,True,497.45,0.0,False,497.45,True,False,497.45,2026-02-23,2026-02-23 19:00:00,19.0,False
T000546,C0161,Gun Saelim,gun.saelim161@example.com,F,Khon Kaen,2026-02-17,2026-02-17 14:00:00,Electronics,3,154.41,0.0,463.23,PromptPay,Processing,N,gun.saelim161@example.com,False,Original,Khon Kaen,False,Original,False,True,463.23,0.0,False,463.23,True,False,463.23,2026-02-17,2026-02-17 14:00:00,14.0,False
T000279,C0074,Ice Kittikul,ice.kittikul74@example.com,M,Chonburi,2026-05-05,2026-05-05 16:00:00,Home,4,104.9,0.1,377.64,Bank Transfer,Completed,N,ice.kittikul74@example.com,False,Original,Chonburi,False,Original,False,True,377.64,0.0,False,377.64,True,False,377.64,2026-05-05,2026-05-05 16:00:00,16.0,False
T000499,C0093,Bank Thongdee,bank.thongdee93@example.com,F,Khon Kaen,2026-03-04,2026-04-03 10:00:00,Fashion,1,467.98,0.05,444.58,Unknown,Processing,N,bank.thongdee93@example.com,False,Original,Khon Kaen,False,Original,False,True,444.58,0.0,False,444.58,True,False,444.58,2026-03-04,2026-04-03 10:00:00,730.0,True
T000475,C0173,Tee Wongsa,tee.wongsa173@example.com,M,Phuket,2026-03-31,2026-03-31 19:00:00,Electronics,5,144.45,0.0,722.25,Credit Card,Processing,N,tee.wongsa173@example.com,False,Original,Phuket,False,Original,False,True,722.25,0.0,False,722.25,True,False,722.25,2026-03-31,2026-03-31 19:00:00,19.0,False
T000518,C0168,Aom Saelim,aom.saelim168@example.com,M,Khon Kaen,2026-06-23,2026-06-23 05:00:00,Beauty,2,264.86,0.05,503.23,Cash on Delivery,Cancelled,N,aom.saelim168@example.com,False,Original,Khon Kaen,False,Original,False,True,503.23,0.0,False,503.23,True,False,503.23,2026-06-23,2026-06-23 05:00:00,5.0,False
T000587,C0019,Korn Dechawat,korn.dechawat19@example.com,M,Nakhon Ratchasima,2026-05-21,2026-05-25 14:00:00,Home,5,436.15,0.1,1962.68,Unknown,Returned,N,korn.dechawat19@example.com,False,Original,Nakhon Ratchasima,False,Original,False,True,1962.68,0.009999999999990905,False,1962.67,True,False,1962.68,2026-05-21,2026-05-25 14:00:00,110.0,True
T000590,C0118,Jane Phromla,jane.phromla118@example.com,F,Chanthaburi,2026-05-01,2026-05-01 15:00:00,Home,5,295.4,0.0,1477.0,Unknown,Returned,N,jane.phromla118@example.com,False,Original,Chanthaburi,False,Original,False,True,1477.0,0.0,False,1477.0,True,False,1477.0,2026-05-01,2026-05-01 15:00:00,15.0,False
T000189,C0101,Boss Phromla,boss.phromla101@example.com,M,Bangkok,2026-05-29,2026-06-01 22:00:00,Fashion,5,237.69,0.0,1188.45,Cash on Delivery,Cancelled,N,boss.phromla101@example.com,False,Original,Bangkok,False,Original,False,True,1188.45,0.0,False,1188.45,True,False,1188.45,2026-05-29,2026-06-01 22:00:00,94.0,True
T000049,C0102,Nont Saelim,nont.saelim102@example.com,M,Chanthaburi,2026-05-21,2026-05-21 16:00:00,Food,4,204.06,0.0,816.24,Cash on Delivery,Completed,N,nont.saelim102@example.com,False,Original,Chanthaburi,False,Original,False,True,816.24,0.0,False,816.24,True,False,816.24,2026-05-21,2026-05-21 16:00:00,16.0,False
T900003,C0080,May Kittikul,may.kittikul80@example.com,F,Khon Kaen,2026-06-24,2026-06-24 07:00:00,Fashion,2,299.01,0.1,538.22,Cash on Delivery,Cancelled,N,may.kittikul80@example.com,False,Original,Khon Kaen,False,Original,False,True,538.22,0.0,False,538.22,True,False,538.22,2026-06-24,2026-06-24 07:00:00,7.0,False
T000363,C0165,Nont Thongdee,nont.thongdee165@example.com,F,Nakhon Ratchasima,2026-03-15,2026-03-15 11:00:00,Food,1,381.57,0.2,305.26,Unknown,Processing,N,nont.thongdee165@example.com,False,Original,Nakhon Ratchasima,False,Original,False,True,305.26,0.0,False,305.26,True,False,305.26,2026-03-15,2026-03-15 11:00:00,11.0,False
T000065,C0038,Boss Kittikul,boss.kittikul38@example.com,F,Nakhon Ratchasima,2026-03-20,2026-03-20 02:00:00,Home,1,101.63,0.1,91.47,Credit Card,Processing,N,boss.kittikul38@example.com,False,Original,Nakhon Ratchasima,False,Original,False,True,91.47,0.0,False,91.47,True,False,91.47,2026-03-20,2026-03-20 02:00:00,2.0,False
T000588,C0010,Beam Sukjai,beam.sukjai10@example.com,M,Phuket,2026-03-26,2026-03-29 21:00:00,Fashion,1,475.37,0.05,451.6,PromptPay,Cancelled,N,beam.sukjai10@example.com,False,Original,Phuket,False,Original,False,True,451.6,0.0,False,451.6,True,False,451.6,2026-03-26,2026-03-29 21:00:00,93.0,True
T000506,C0065,Pim Srisawat,pim.srisawat65@example.com,M,Nakhon Ratchasima,2026-04-14,2026-04-14 04:00:00,Electronics,1,348.38,0.0,348.38,PromptPay,Completed,N,pim.srisawat65@example.com,False,Original,Nakhon Ratchasima,False,Original,False,True,348.38,0.0,False,348.38,True,False,348.38,2026-04-14,2026-04-14 04:00:00,4.0,False
T000362,C0075,Ice Maneerat,ice.maneerat75@example.com,F,Bangkok,2026-05-24,2026-05-24 02:00:00,Home,5,87.15,0.15,370.39,Bank Transfer,Returned,N,ice.maneerat75@example.com,False,Original,Bangkok,False,Original,False,True,370.39,0.0,False,370.39,True,False,370.39,2026-05-24,2026-05-24 02:00:00,2.0,False
T000437,C0127,Fah Rattanakul,fah.rattanakul127@example.com,F,Rayong,2026-04-09,2026-04-09 01:00:00,Home,2,162.74,0.2,260.38,PromptPay,Cancelled,N,fah.rattanakul127@example.com,False,Original,Rayong,False,Original,False,True,260.38,0.0,False,260.38,True,False,260.38,2026-04-09,2026-04-09 01:00:00,1.0,False
T000408,C0011,Mint Rattanakul,mint.rattanakul11@example.com,F,Chanthaburi,2026-01-09,2026-01-09 13:00:00,Food,1,156.72,0.1,141.05,Unknown,Returned,Y,mint.rattanakul11@example.com,False,Original,Chanthaburi,False,Original,False,True,141.05,0.0,False,141.05,True,False,141.05,2026-01-09,2026-01-09 13:00:00,13.0,False
T000381,C0122,Anan Wongsa,anan.wongsa122@example.com,M,Chanthaburi,2026-04-05,2026-05-04 10:00:00,Beauty,6,164.79,0.1,889.87,Cash on Delivery,Cancelled,N,anan.wongsa122@example.com,False,Original,Chanthaburi,False,Original,False,True,889.87,0.0,False,889.87,True,False,889.87,2026-04-05,2026-05-04 10:00:00,706.0,True
T000418,C0012,Mint Pattanakul,mint.pattanakul12@example.com,M,Chiang Mai,2026-03-27,2026-03-27 03:00:00,Home,6,174.28,0.15,888.83,Credit Card,Cancelled,N,mint.pattanakul12@example.com,False,Original,Chiang Mai,False,Original,False,True,888.83,0.0,False,888.83,True,False,888.83,2026-03-27,2026-03-27 03:00:00,3.0,False
T000311,C0136,Nont Kittikul,nont.kittikul136@example.com,F,Khon Kaen,2026-03-09,2026-03-09 05:00:00,Food,2,116.93,0.0,233.86,Unknown,Processing,N,nont.kittikul136@example.com,False,Original,Khon Kaen,False,Original,False,True,233.86,0.0,False,233.86,True,False,233.86,2026-03-09,2026-03-09 05:00:00,5.0,False
T000596,C0119,Boss Khamdee,boss.khamdee119@example.com,M,Khon Kaen,2026-02-04,2026-04-02 11:00:00,Beauty,2,331.71,0.1,597.08,PromptPay,Cancelled,N,boss.khamdee119@example.com,False,Original,Khon Kaen,False,Original,False,True,597.08,0.0,False,597.08,True,False,597.08,2026-02-04,2026-04-02 11:00:00,1379.0,True
T000497,C0179,Jane Chaiyo,jane.chaiyo179@example.com,F,Chanthaburi,2026-01-31,2026-02-04 17:00:00,Electronics,6,57.74,0.05,329.12,Bank Transfer,Cancelled,N,jane.chaiyo179@example.com,False,Original,Chanthaburi,False,Original,False,True,329.12,0.0,False,329.12,True,False,329.12,2026-01-31,2026-02-04 17:00:00,113.0,True
T000283,C0167,Anan Sukjai,anan.sukjai167@example.com,M,Nakhon Ratchasima,2026-06-03,2026-06-03 11:00:00,Sports,2,216.73,0.0,433.46,Bank Transfer,Returned,N,anan.sukjai167@example.com,False,Original,Nakhon Ratchasima,False,Original,False,True,433.46,0.0,False,433.46,True,False,433.46,2026-06-03,2026-06-03 11:00:00,11.0,False
T000208,C0158,Nont Kittikul,nont.kittikul158@example.com,M,Nakhon Ratchasima,2026-02-24,2026-02-24 01:00:00,Beauty,4,188.46,0.0,753.84,PromptPay,Cancelled,N,nont.kittikul158@example.com,False,Original,Nakhon Ratchasima,False,Original,False,True,753.84,0.0,False,753.84,True,False,753.84,2026-02-24,2026-02-24 01:00:00,1.0,False
T000177,C0137,Film Boonmee,film.boonmee137@example.com,M,Khon Kaen,2026-01-23,2026-01-23 11:00:00,Electronics,3,318.69,0.05,908.27,Bank Transfer,Processing,N,film.boonmee137@example.com,False,Original,Khon Kaen,False,Original,False,True,908.27,0.0,False,908.27,True,False,908.27,2026-01-23,2026-01-23 11:00:00,11.0,False
T000138,C0086,Korn Dechawat,korn.dechawat86@example.com,F,Nakhon Ratchasima,2026-01-17,2026-01-17 10:00:00,Home,2,250.5,0.1,450.9,PromptPay,Cancelled,N,korn.dechawat86@example.com,False,Original,Nakhon Ratchasima,False,Original,False,True,450.9,0.0,False,450.9,True,False,450.9,2026-01-17,2026-01-17 10:00:00,10.0,False
T000280,C0022,Film Kittikul,film.kittikul22@example.com,F,Nakhon Ratchasima,2026-01-20,2026-01-20 12:00:00,Food,6,493.6,0.1,2088.6400000000003,Unknown,Returned,N,film.kittikul22@example.com,False,Original,Nakhon Ratchasima,False,Original,False,True,2665.44,0.0,False,2665.44,True,True,2665.44,2026-01-20,2026-01-20 12:00:00,12.0,False
T000364,C0065,Pim Srisawat,pim.srisawat65@example.com,M,Nakhon Ratchasima,2026-04-12,2026-04-12 18:00:00,Home,6,367.07,0.1,1982.18,Unknown,Completed,N,pim.srisawat65@example.com,False,Original,Nakhon Ratchasima,False,Original,False,True,1982.18,0.0,False,1982.18,True,False,1982.18,2026-04-12,2026-04-12 18:00:00,18.0,False
T000573,C0032,Bank Dechawat,bank.dechawat32@example.com,F,Nakhon Ratchasima,2026-04-18,2026-04-18 17:00:00,Electronics,3,251.69,0.0,755.07,Cash on Delivery,Cancelled,N,bank.dechawat32@example.com,False,Original,Nakhon Ratchasima,False,Original,False,True,755.07,0.0,False,755.07,True,False,755.07,2026-04-18,2026-04-18 17:00:00,17.0,False
T000254,C0020,New Chaiyo,new.chaiyo20@example.com,M,Phuket,2026-05-09,2026-05-09 19:00:00,Sports,1,142.09,0.0,142.09,Unknown,Cancelled,N,new.chaiyo20@example.com,False,Original,Phuket,False,Original,False,True,142.09,142.09,True,0.0,True,False,142.09,2026-05-09,2026-05-09 19:00:00,19.0,False
T000348,C0086,Korn Dechawat,korn.dechawat86@example.com,F,Nakhon Ratchasima,2026-02-11,2026-02-11 12:00:00,Beauty,4,137.96,0.1,496.66,Bank Transfer,Processing,N,korn.dechawat86@example.com,False,Original,Nakhon Ratchasima,False,Original,False,True,496.66,0.0,False,496.66,True,False,496.66,2026-02-11,2026-02-11 12:00:00,12.0,False
T000002,C0145,Tee Srisawat,tee.srisawat145@example.com,M,Nakhon Ratchasima,2026-06-28,2026-06-28 16:00:00,Sports,5,219.02,0.0,1095.1,Unknown,Returned,N,tee.srisawat145@example.com,False,Original,Nakhon Ratchasima,False,Original,False,True,1095.1,0.0,False,1095.1,True,False,1095.1,2026-06-28,2026-06-28 16:00:00,16.0,False
T000299,C0075,Ice Maneerat,ice.maneerat75@example.com,F,Bangkok,2026-01-21,2026-01-21 10:00:00,Electronics,5,180.3,0.0,901.5,Bank Transfer,Returned,N,,True,Mapped_From_History,Bangkok,False,Original,False,True,901.5,0.0,False,901.5,True,False,901.5,2026-01-21,2026-01-21 10:00:00,10.0,False
T000309,C0005,Ploy Chaiyo,ploy.chaiyo5@example.com,F,Bangkok,2026-06-26,2026-06-26 17:00:00,Electronics,2,159.61,0.15,271.34,Unknown,Processing,N,ploy.chaiyo5@example.com,False,Original,Bangkok,False,Original,False,True,271.34,0.0,False,271.34,True,False,271.34,2026-06-26,2026-06-26 17:00:00,17.0,False
T900002,C0098,Film Lertprasert,film.lertprasert98@example.com,F,Khon Kaen,2026-03-31,2026-03-31 17:00:00,Food,1,143.03,0.2,114.42,Cash on Delivery,Completed,N,film.lertprasert98@example.com,False,Original,Khon Kaen,False,Original,False,True,114.42,0.0,False,114.42,True,False,114.42,2026-03-31,2026-03-31 17:00:00,17.0,False
T000370,C0141,Korn Phromla,korn.phromla141@example.com,M,Khon Kaen,2026-04-06,2026-04-06 18:00:00,Sports,6,204.06,0.0,1224.36,Bank Transfer,Cancelled,N,korn.phromla141@example.com,False,Original,Khon Kaen,False,Original,False,True,1224.36,887663.64,True,888888.0,True,False,1224.36,2026-04-06,2026-04-06 18:00:00,18.0,False
T000232,C0025,Mook Srisawat,mook.srisawat25@example.com,M,Nakhon Ratchasima,2026-03-18,2026-03-18 14:00:00,Fashion,2,354.79,0.1,638.62,PromptPay,Processing,N,mook.srisawat25@example.com,False,Original,Nakhon Ratchasima,False,Original,False,True,638.62,0.0,False,638.62,True,False,638.62,2026-03-18,2026-03-18 14:00:00,14.0,False
T000302,C0067,May Pattanakul,may.pattanakul67@example.com,M,Chonburi,2026-06-15,2026-06-17 23:00:00,Food,1,232.83,0.0,232.83,PromptPay,Returned,N,may.pattanakul67@example.com,False,Original,Chonburi,False,Original,False,True,232.83,48.41999999999999,True,281.25,True,False,232.83,2026-06-15,2026-06-17 23:00:00,71.0,True
T000029,C0117,Mint Phromla,mint.phromla117@example.com,F,Nakhon Ratchasima,2026-06-20,2026-06-20 16:00:00,Sports,2,154.63,0.15,262.87,Credit Card,Cancelled,N,mint.phromla117@example.com,False,Original,Nakhon Ratchasima,False,Original,False,True,262.87,0.0,False,262.87,True,False,262.87,2026-06-20,2026-06-20 16:00:00,16.0,False
T000420,C0021,May Boonmee,may.boonmee21@example.com,F,Nakhon Ratchasima,2026-03-12,2026-03-12 06:00:00,Fashion,1,157.46,0.0,157.46,Cash on Delivery,Returned,N,may.boonmee21@example.com,False,Original,Nakhon Ratchasima,False,Original,False,True,157.46,0.0,False,157.46,True,False,157.46,2026-03-12,2026-03-12 06:00:00,6.0,False
T000216,C0061,Tee Maneerat,tee.maneerat61@example.com,M,Chiang Mai,2026-05-05,2026-05-05 19:00:00,Fashion,3,319.14,0.0,957.42,Cash on Delivery,Returned,N,tee.maneerat61@example.com,False,Original,Chiang Mai,False,Original,False,True,957.42,0.0,False,957.42,True,False,957.42,2026-05-05,2026-05-05 19:00:00,19.0,False
T000545,C0122,Anan Wongsa,anan.wongsa122@example.com,M,Chanthaburi,2026-01-24,2026-01-24 10:00:00,Home,2,348.29,0.2,557.26,Bank Transfer,Processing,N,anan.wongsa122@example.com,False,Original,Chanthaburi,False,Original,True,True,557.26,0.0,False,557.26,True,False,557.26,2026-01-24,2026-01-24 10:00:00,10.0,False
T000448,C0150,Mook Chaiyo,mook.chaiyo150@example.com,F,Chiang Mai,2026-01-25,2026-01-25 12:00:00,Sports,6,279.22,0.0,1675.32,PromptPay,Processing,N,,True,Mapped_From_History,Chiang Mai,False,Original,False,True,1675.32,0.0,False,1675.32,True,False,1675.32,2026-01-25,2026-01-25 12:00:00,12.0,False
T000576,C0069,Jane Saelim,jane.saelim69@example.com,M,Khon Kaen,2026-06-09,2026-06-09 17:00:00,Beauty,2,140.01,0.1,252.02,Bank Transfer,Processing,N,jane.saelim69@example.com,False,Original,Khon Kaen,False,Original,False,True,252.02,0.0,False,252.02,True,False,252.02,2026-06-09,2026-06-09 17:00:00,17.0,False
T000365,C0150,Mook Chaiyo,mook.chaiyo150@example.com,F,Chiang Mai,2026-01-13,2026-01-13 13:00:00,Electronics,2,150.19,0.0,300.38,Bank Transfer,Completed,N,mook.chaiyo150@example.com,False,Original,,True,Mapped_From_History,False,True,300.38,0.0,False,300.38,True,False,300.38,2026-01-13,2026-01-13 13:00:00,13.0,False
T000575,C0136,Nont Kittikul,nont.kittikul136@example.com,F,Khon Kaen,2026-04-29,2026-04-29 10:00:00,Electronics,3,296.4,0.0,889.2,Credit Card,Completed,N,nont.kittikul136@example.com,False,Original,Khon Kaen,False,Original,False,True,889.2,0.0,False,889.2,True,False,889.2,2026-04-29,2026-04-29 10:00:00,10.0,False
T000079,C0179,Jane Chaiyo,jane.chaiyo179@example.com,F,Chanthaburi,2026-04-19,2026-04-19 06:00:00,Food,4,276.71,0.0,1106.84,Credit Card,Processing,N,jane.chaiyo179@example.com,False,Original,Chanthaburi,False,Original,False,True,1106.84,0.0,False,1106.84,True,False,1106.84,2026-04-19,2026-04-19 06:00:00,6.0,False
T900006,C0086,Korn Dechawat,korn.dechawat86@example.com,F,Nakhon Ratchasima,2026-05-07,2026-05-07 08:00:00,Food,2,79.14,0.0,158.28,Credit Card,Processing,N,korn.dechawat86@example.com,False,Original,Nakhon Ratchasima,False,Original,False,True,158.28,0.0,False,158.28,True,False,158.28,2026-05-07,2026-05-07 08:00:00,8.0,False
T000152,C0077,Tee Chaiyo,tee.chaiyo77@example.com,F,Khon Kaen,2026-05-07,2026-05-07 07:00:00,Fashion,2,170.61,0.0,341.22,PromptPay,Processing,N,tee.chaiyo77@example.com,False,Original,Khon Kaen,False,Original,False,True,341.22,0.0,False,341.22,True,False,341.22,2026-05-07,2026-05-07 07:00:00,7.0,False
T000390,C0039,Beam Boonmee,beam.boonmee39@example.com,M,Rayong,2026-06-09,2026-06-09 13:00:00,Electronics,2,57.71,0.0,115.42,Bank Transfer,Returned,Y,beam.boonmee39@example.com,False,Original,Rayong,False,Original,False,True,115.42,0.0,False,115.42,True,False,115.42,2026-06-09,2026-06-09 13:00:00,13.0,False
T000399,C0095,Tee Khamdee,tee.khamdee95@example.com,F,Khon Kaen,2026-04-06,2026-04-06 17:00:00,Fashion,5,78.12,0.05,371.07,Bank Transfer,Processing,N,tee.khamdee95@example.com,False,Original,Khon Kaen,False,Original,False,True,371.07,0.0,False,371.07,True,False,371.07,2026-04-06,2026-04-06 17:00:00,17.0,False
T000246,C0095,Tee Khamdee,tee.khamdee95@example.com,F,Khon Kaen,2026-06-19,2026-06-20 13:00:00,Beauty,2,85.54,0.0,171.08,Unknown,Returned,N,tee.khamdee95@example.com,False,Original,Khon Kaen,False,Original,False,True,171.08,0.0,False,171.08,True,False,171.08,2026-06-19,2026-06-20 13:00:00,37.0,True
T000481,C0173,Tee Wongsa,tee.wongsa173@example.com,M,Phuket,2026-02-20,2026-02-20 15:00:00,Beauty,3,83.61,0.0,250.83,Credit Card,Returned,N,tee.wongsa173@example.com,False,Original,Phuket,False,Original,False,True,250.83,0.0,False,250.83,True,False,250.83,2026-02-20,2026-02-20 15:00:00,15.0,False
T000425,C0136,Nont Kittikul,nont.kittikul136@example.com,F,Khon Kaen,2026-02-05,2026-02-05 02:00:00,Fashion,1,140.75,0.1,126.68,Credit Card,Completed,N,nont.kittikul136@example.com,False,Original,Khon Kaen,False,Original,False,True,126.68,0.010000000000005116,False,126.67,True,False,126.68,2026-02-05,2026-02-05 02:00:00,2.0,False
T000568,C0062,Beam Rattanakul,beam.rattanakul62@example.com,M,Bangkok,2026-06-06,2026-06-06 12:00:00,Home,3,561.05,0.0,1683.15,Unknown,Cancelled,Y,beam.rattanakul62@example.com,False,Original,Bangkok,False,Original,False,True,1683.15,0.0,False,1683.15,True,False,1683.15,2026-06-06,2026-06-06 12:00:00,12.0,False
T000303,C0174,Ploy Kittikul,ploy.kittikul174@example.com,M,Chiang Mai,2026-06-18,2026-06-18 17:00:00,Sports,5,412.56,0.05,1959.66,Bank Transfer,Completed,N,ploy.kittikul174@example.com,False,Original,Chiang Mai,False,Original,False,True,1959.66,0.0,False,1959.66,True,False,1959.66,2026-06-18,2026-06-18 17:00:00,17.0,False
T000447,C0071,Aom Sukjai,aom.sukjai71@example.com,M,Chanthaburi,2026-04-16,2026-04-16 14:00:00,Fashion,5,132.57,0.0,662.85,PromptPay,Cancelled,N,,True,Mapped_From_History,Chanthaburi,False,Original,False,True,662.85,0.0,False,662.85,True,False,662.85,2026-04-16,2026-04-16 14:00:00,14.0,False
T000520,C0058,Anan Wongsa,anan.wongsa58@example.com,F,Khon Kaen,2026-03-08,2026-03-08 04:00:00,Fashion,4,107.84,0.1,388.22,Unknown,Cancelled,N,anan.wongsa58@example.com,False,Original,Khon Kaen,False,Original,False,True,388.22,0.0,False,388.22,True,False,388.22,2026-03-08,2026-03-08 04:00:00,4.0,False
T000502,C0115,Korn Lertprasert,korn.lertprasert115@example.com,M,Phuket,2026-01-23,2026-01-23 17:00:00,Electronics,3,117.02,0.1,315.95,PromptPay,Returned,N,korn.lertprasert115@example.com,False,Original,Phuket,False,Original,False,True,315.95,0.0,False,315.95,True,False,315.95,2026-01-23,2026-01-23 17:00:00,17.0,False
T000007,C0170,Beam Boonmee,beam.boonmee170@example.com,M,Nakhon Ratchasima,2026-06-12,2026-06-12 14:00:00,Sports,1,298.64,0.1,268.78,PromptPay,Processing,N,beam.boonmee170@example.com,False,Original,Nakhon Ratchasima,False,Original,False,True,268.78,0.0,False,268.78,True,False,268.78,2026-06-12,2026-06-12 14:00:00,14.0,False
T000019,C0057,Ploy Thongdee,ploy.thongdee57@example.com,F,Nakhon Ratchasima,2026-05-25,2026-05-25 08:00:00,Sports,6,188.1,0.0,1128.6,PromptPay,Completed,N,ploy.thongdee57@example.com,False,Original,Nakhon Ratchasima,False,Original,False,True,1128.6,0.0,False,1128.6,True,False,1128.6,2026-05-25,2026-05-25 08:00:00,8.0,False
T000098,C0080,May Kittikul,may.kittikul80@example.com,F,Khon Kaen,2026-05-28,2026-05-28 18:00:00,Food,2,113.89,0.2,182.22,Bank Transfer,Cancelled,N,may.kittikul80@example.com,False,Original,Khon Kaen,False,Original,False,True,182.22,0.0,False,182.22,True,False,182.22,2026-05-28,2026-05-28 18:00:00,18.0,False
T000446,C0040,Pim Srisawat,pim.srisawat40@example.com,M,Rayong,2026-05-02,2026-05-02 19:00:00,Sports,6,294.57,0.05,1679.05,Unknown,Completed,N,pim.srisawat40@example.com,False,Original,Rayong,False,Original,False,True,1679.05,0.0,False,1679.05,True,False,1679.05,2026-05-02,2026-05-02 19:00:00,19.0,False
T000251,C0160,Mint Kittikul,mint.kittikul160@example.com,F,Chiang Mai,2026-02-03,2026-02-03 09:00:00,Food,5,244.43,0.05,1161.04,Bank Transfer,Completed,N,mint.kittikul160@example.com,False,Original,Chiang Mai,False,Original,False,True,1161.04,0.0,False,1161.04,True,False,1161.04,2026-02-03,2026-02-03 09:00:00,9.0,False
T000316,C0032,Bank Dechawat,bank.dechawat32@example.com,F,Nakhon Ratchasima,2026-06-29,2026-06-29 10:00:00,Sports,5,71.54,0.15,304.04,PromptPay,Completed,N,bank.dechawat32@example.com,False,Original,Nakhon Ratchasima,False,Original,False,True,304.04,0.009999999999990905,False,304.05,True,False,304.04,2026-06-29,2026-06-29 10:00:00,10.0,False
T000341,C0158,Nont Kittikul,nont.kittikul158@example.com,M,Nakhon Ratchasima,2026-03-13,2026-03-13 02:00:00,Fashion,3,292.75,0.0,878.25,Bank Transfer,Processing,N,nont.kittikul158@example.com,False,Original,Nakhon Ratchasima,False,Original,False,True,878.25,1378.25,True,-500.0,True,False,878.25,2026-03-13,2026-03-13 02:00:00,2.0,False
T000077,C0033,Pim Srisawat,pim.srisawat33@example.com,M,Rayong,2026-02-28,2026-02-28 03:00:00,Sports,3,281.35,0.1,759.65,PromptPay,Cancelled,N,pim.srisawat33@example.com,False,Original,Rayong,False,Original,False,True,759.65,0.0,False,759.65,True,False,759.65,2026-02-28,2026-02-28 03:00:00,3.0,False
T000221,C0053,Jane Pattanakul,jane.pattanakul53@example.com,M,Nakhon Ratchasima,2026-03-14,2026-03-14 03:00:00,Sports,2,147.43,0.1,265.37,PromptPay,Cancelled,N,jane.pattanakul53@example.com,False,Original,Nakhon Ratchasima,False,Original,False,True,265.37,0.0,False,265.37,True,False,265.37,2026-03-14,2026-03-14 03:00:00,3.0,False
T000225,C0167,Anan Sukjai,anan.sukjai167@example.com,M,Nakhon Ratchasima,2026-02-15,2026-02-15 06:00:00,Electronics,6,294.78,0.2,1414.94,Bank Transfer,Completed,N,anan.sukjai167@example.com,False,Original,Nakhon Ratchasima,False,Original,False,True,1414.94,0.0,False,1414.94,True,False,1414.94,2026-02-15,2026-02-15 06:00:00,6.0,False
T000025,C0169,Boss Kittikul,boss.kittikul169@example.com,M,Nakhon Ratchasima,2026-03-10,2026-03-10 10:00:00,Fashion,4,189.68,0.0,758.72,Bank Transfer,Cancelled,N,boss.kittikul169@example.com,False,Original,Nakhon Ratchasima,False,Original,False,True,758.72,0.0,False,758.72,True,False,758.72,2026-03-10,2026-03-10 10:00:00,10.0,False
T000009,C0143,Korn Srisawat,korn.srisawat143@example.com,M,Rayong,2026-01-10,2026-01-10 13:00:00,Home,3,98.02,0.0,294.06,Unknown,Processing,N,korn.srisawat143@example.com,False,Original,Rayong,False,Original,False,True,294.06,0.0,False,294.06,True,False,294.06,2026-01-10,2026-01-10 13:00:00,13.0,False
T900012,C0014,Beam Thongdee,beam.thongdee14@example.com,M,Chonburi,2026-01-28,2026-01-28 19:00:00,Fashion,1,379.52,0.0,379.52,PromptPay,Processing,N,beam.thongdee14@example.com,False,Original,Chonburi,False,Original,False,True,379.52,0.0,False,379.52,True,False,379.52,2026-01-28,2026-01-28 19:00:00,19.0,False
T000244,C0179,Jane Chaiyo,jane.chaiyo179@example.com,F,Chanthaburi,2026-04-20,2026-04-20 08:00:00,Sports,1,199.42,0.1,179.48,Bank Transfer,Completed,N,jane.chaiyo179@example.com,False,Original,Chanthaburi,False,Original,False,True,179.48,0.0,False,179.48,True,False,179.48,2026-04-20,2026-04-20 08:00:00,8.0,False
T000469,C0097,Ploy Boonmee,ploy.boonmee97@example.com,F,Chiang Mai,2026-03-27,2026-03-27 16:00:00,Sports,1,158.86,0.2,127.09,Credit Card,Cancelled,N,ploy.boonmee97@example.com,False,Original,Chiang Mai,False,Original,False,True,127.09,0.0,False,127.09,True,False,127.09,2026-03-27,2026-03-27 16:00:00,16.0,False
T000567,C0063,Korn Wongsa,korn.wongsa63@example.com,M,Bangkok,2026-05-11,2026-05-11 12:00:00,Home,5,207.01,0.0,1035.05,Bank Transfer,Returned,N,korn.wongsa63@example.com,False,Original,Bangkok,False,Original,False,True,1035.05,0.0,False,1035.05,True,False,1035.05,2026-05-11,2026-05-11 12:00:00,12.0,False
T000451,C0054,Aom Wongsa,Unknown,F,Nakhon Ratchasima,2026-03-25,2026-03-25 08:00:00,Beauty,1,224.69,0.05,213.46,Cash on Delivery,Completed,N,,True,Unknown_Placeholder,Nakhon Ratchasima,False,Original,False,True,213.46,0.0,False,213.46,True,False,213.46,2026-03-25,2026-03-25 08:00:00,8.0,False
T000184,C0095,Tee Khamdee,tee.khamdee95@example.com,F,Khon Kaen,2026-05-06,2026-05-06 11:00:00,Home,1,343.06,0.05,325.91,Unknown,Returned,N,tee.khamdee95@example.com,False,Original,Khon Kaen,False,Original,False,True,325.91,0.0,False,325.91,True,False,325.91,2026-05-06,2026-05-06 11:00:00,11.0,False
T000122,C0147,Film Chaiyo,film.chaiyo147@example.com,M,Chiang Mai,2026-03-19,2026-03-19 06:00:00,Sports,4,129.76,0.1,467.14,Credit Card,Completed,N,film.chaiyo147@example.com,False,Original,Chiang Mai,False,Original,False,True,467.14,0.0,False,467.14,True,False,467.14,2026-03-19,2026-03-19 06:00:00,6.0,False
T000112,C0131,Narin Rattanakul,narin.rattanakul131@example.com,F,Khon Kaen,2026-03-05,2026-03-05 10:00:00,Beauty,5,187.25,0.05,889.44,Credit Card,Processing,N,narin.rattanakul131@example.com,False,Original,Khon Kaen,False,Original,False,True,889.44,0.0,False,889.44,True,False,889.44,2026-03-05,2026-03-05 10:00:00,10.0,False
T000021,C0104,May Srisawat,may.srisawat104@example.com,F,Chonburi,2026-03-26,2026-03-26 06:00:00,Home,2,67.73,0.0,135.46,PromptPay,Completed,N,may.srisawat104@example.com,False,Original,Chonburi,False,Original,False,True,135.46,32.29999999999998,True,167.76,True,False,135.46,2026-03-26,2026-03-26 06:00:00,6.0,False
T000266,C0027,Ploy Wongsa,ploy.wongsa27@example.com,M,Khon Kaen,2026-06-06,2026-06-06 07:00:00,Food,4,183.66,0.0,734.64,Unknown,Processing,N,ploy.wongsa27@example.com,False,Original,Khon Kaen,False,Original,False,True,734.64,0.0,False,734.64,True,False,734.64,2026-06-06,2026-06-06 07:00:00,7.0,False
T000155,C0029,Aom Pattanakul,aom.pattanakul29@example.com,F,Bangkok,2026-01-08,2026-01-08 04:00:00,Food,5,253.14,0.05,1202.41,PromptPay,Completed,N,aom.pattanakul29@example.com,False,Original,Bangkok,False,Original,False,True,1202.41,0.0,False,1202.41,True,False,1202.41,2026-01-08,2026-01-08 04:00:00,4.0,False
T000115,C0138,Mint Dechawat,mint.dechawat138@example.com,M,Khon Kaen,2026-02-12,2026-02-12 05:00:00,Fashion,5,213.87,0.1,962.42,Credit Card,Processing,N,mint.dechawat138@example.com,False,Original,Khon Kaen,False,Original,False,True,962.42,0.009999999999990905,False,962.41,True,False,962.42,2026-02-12,2026-02-12 05:00:00,5.0,False
T000457,C0026,Mook Wongsa,mook.wongsa26@example.com,M,Chiang Mai,2026-03-04,2026-04-03 10:00:00,Electronics,2,197.14,0.2,315.42,PromptPay,Cancelled,N,mook.wongsa26@example.com,False,Original,Chiang Mai,False,Original,False,True,315.42,0.0,False,315.42,True,False,315.42,2026-03-04,2026-04-03 10:00:00,730.0,True
T000119,C0145,Tee Srisawat,tee.srisawat145@example.com,M,Nakhon Ratchasima,2026-03-23,2026-03-23 18:00:00,Food,1,547.71,0.05,520.32,Cash on Delivery,Completed,N,tee.srisawat145@example.com,False,Original,Nakhon Ratchasima,False,Original,False,True,520.32,0.0,False,520.32,True,False,520.32,2026-03-23,2026-03-23 18:00:00,18.0,False
T000052,C0162,Aom Dechawat,aom.dechawat162@example.com,M,Rayong,2026-04-04,2026-04-04 12:00:00,Sports,1,237.94,0.2,190.35,PromptPay,Processing,N,aom.dechawat162@example.com,False,Original,Rayong,False,Original,False,True,190.35,0.0,False,190.35,True,False,190.35,2026-04-04,2026-04-04 12:00:00,12.0,False
T000508,C0123,Ploy Khamdee,ploy.khamdee123@example.com,F,Chanthaburi,2026-02-04,2026-02-04 09:00:00,Fashion,5,175.79,0.1,791.06,PromptPay,Cancelled,N,ploy.khamdee123@example.com,False,Original,Chanthaburi,False,Original,False,True,791.06,0.009999999999990905,False,791.05,True,False,791.06,2026-02-04,2026-02-04 09:00:00,9.0,False
T000260,C0149,May Pattanakul,may.pattanakul149@example.com,F,Chiang Mai,2026-03-16,2026-03-16 16:00:00,Electronics,2,90.53,0.05,172.01,Bank Transfer,Cancelled,N,,True,Mapped_From_History,Chiang Mai,False,Original,False,True,172.01,0.0,False,172.01,True,False,172.01,2026-03-16,2026-03-16 16:00:00,16.0,False
T000018,C0021,May Boonmee,may.boonmee21@example.com,F,Nakhon Ratchasima,2026-01-29,2026-02-02 12:00:00,Beauty,1,153.32,0.0,153.32,Unknown,Processing,N,may.boonmee21@example.com,False,Original,Nakhon Ratchasima,False,Original,False,True,153.32,0.0,False,153.32,True,False,153.32,2026-01-29,2026-02-02 12:00:00,108.0,True
T000452,C0128,Ploy Khamdee,ploy.khamdee128@example.com,M,Bangkok,2026-04-10,2026-04-10 09:00:00,Sports,2,108.66,0.2,173.86,Bank Transfer,Cancelled,N,ploy.khamdee128@example.com,False,Original,Bangkok,False,Original,False,True,173.86,0.0,False,173.86,True,False,173.86,2026-04-10,2026-04-10 09:00:00,9.0,False
T000340,C0114,Ploy Thongdee,ploy.thongdee114@example.com,M,Nakhon Ratchasima,2026-06-28,2026-06-28 04:00:00,Electronics,1,130.5,0.05,123.98,Cash on Delivery,Cancelled,N,ploy.thongdee114@example.com,False,Original,Nakhon Ratchasima,False,Original,False,True,123.98,0.010000000000005116,False,123.97,True,False,123.98,2026-06-28,2026-06-28 04:00:00,4.0,False
T000144,C0077,Tee Chaiyo,tee.chaiyo77@example.com,F,Khon Kaen,2026-02-10,2026-02-10 01:00:00,Food,5,108.19,0.15,459.81,PromptPay,Cancelled,N,tee.chaiyo77@example.com,False,Original,Khon Kaen,False,Original,False,True,459.81,28.70999999999998,True,488.52,True,False,459.81,2026-02-10,2026-02-10 01:00:00,1.0,False
T000100,C0040,Pim Srisawat,pim.srisawat40@example.com,M,Rayong,2026-05-11,2026-05-11 05:00:00,Electronics,4,85.92,0.1,309.31,Bank Transfer,Processing,N,pim.srisawat40@example.com,False,Original,Rayong,False,Original,False,True,309.31,0.0,False,309.31,True,False,309.31,2026-05-11,2026-05-11 05:00:00,5.0,False
T000084,C0108,Anan Khamdee,anan.khamdee108@example.com,M,Nakhon Ratchasima,2026-04-03,2026-04-03 15:00:00,Sports,4,168.16,0.2,538.11,Credit Card,Processing,N,anan.khamdee108@example.com,False,Original,Nakhon Ratchasima,False,Original,False,True,538.11,0.0,False,538.11,True,False,538.11,2026-04-03,2026-04-03 15:00:00,15.0,False
T000449,C0063,Korn Wongsa,korn.wongsa63@example.com,M,Bangkok,2026-06-07,2026-06-07 12:00:00,Food,5,417.06,0.0,2085.3,PromptPay,Completed,N,,True,Mapped_From_History,Bangkok,False,Original,False,True,2085.3,0.0,False,2085.3,True,False,2085.3,2026-06-07,2026-06-07 12:00:00,12.0,False
T900009,C0120,Mook Boonmee,mook.boonmee120@example.com,M,Chonburi,2026-03-04,2026-04-03 17:00:00,Electronics,5,298.23,0.0,1491.15,Bank Transfer,Cancelled,N,mook.boonmee120@example.com,False,Original,Chonburi,False,Original,False,True,1491.15,0.0,False,1491.15,True,False,1491.15,2026-03-04,2026-04-03 17:00:00,737.0,True
T000061,C0006,Pim Khamdee,pim.khamdee6@example.com,M,Nakhon Ratchasima,2026-03-20,2026-03-20 01:00:00,Beauty,1,104.93,0.1,94.44,Cash on Delivery,Cancelled,N,pim.khamdee6@example.com,False,Original,Nakhon Ratchasima,False,Original,False,True,94.44,0.0,False,94.44,True,False,94.44,2026-03-20,2026-03-20 01:00:00,1.0,False
T000371,C0179,Jane Chaiyo,jane.chaiyo179@example.com,F,Chanthaburi,2026-03-05,2026-03-05 12:00:00,Food,1,437.21,0.1,393.49,PromptPay,Completed,N,jane.chaiyo179@example.com,False,Original,Chanthaburi,False,Original,False,True,393.49,0.0,False,393.49,True,False,393.49,2026-03-05,2026-03-05 12:00:00,12.0,False
T000207,C0057,Ploy Thongdee,ploy.thongdee57@example.com,F,Nakhon Ratchasima,2026-05-29,2026-05-29 05:00:00,Fashion,2,334.28,0.0,668.56,Credit Card,Processing,N,ploy.thongdee57@example.com,False,Original,Nakhon Ratchasima,False,Original,False,True,668.56,0.0,False,668.56,True,False,668.56,2026-05-29,2026-05-29 05:00:00,5.0,False
T000126,C0032,Bank Dechawat,bank.dechawat32@example.com,F,Nakhon Ratchasima,2026-01-18,2026-01-18 15:00:00,Home,5,242.52,0.05,1151.97,PromptPay,Cancelled,N,,True,Mapped_From_History,Nakhon Ratchasima,False,Original,False,True,1151.97,0.0,False,1151.97,True,False,1151.97,2026-01-18,2026-01-18 15:00:00,15.0,False
T000248,C0113,Tee Dechawat,tee.dechawat113@example.com,M,Rayong,2026-03-04,2026-03-04 14:00:00,Electronics,6,92.21,0.1,497.93,Credit Card,Cancelled,N,tee.dechawat113@example.com,False,Original,Rayong,False,Original,False,True,497.93,0.0,False,497.93,True,False,497.93,2026-03-04,2026-03-04 14:00:00,14.0,False
T000187,C0056,Mint Maneerat,mint.maneerat56@example.com,M,Rayong,2026-02-26,2026-02-26 19:00:00,Sports,6,199.53,0.0,1197.18,PromptPay,Cancelled,N,mint.maneerat56@example.com,False,Original,Rayong,False,Original,False,True,1197.18,0.0,False,1197.18,True,False,1197.18,2026-02-26,2026-02-26 19:00:00,19.0,False
T000238,C0177,Ice Lertprasert,ice.lertprasert177@example.com,M,Chiang Mai,2026-04-29,2026-05-01 03:00:00,Fashion,1,235.29,0.05,223.53,PromptPay,Returned,N,ice.lertprasert177@example.com,False,Original,Chiang Mai,False,Original,False,True,223.53,0.0,False,223.53,True,False,223.53,2026-04-29,2026-05-01 03:00:00,51.0,True
T000233,C0135,Korn Srisawat,korn.srisawat135@example.com,F,Bangkok,2026-06-26,2026-06-26 10:00:00,Beauty,2,94.94,0.0,189.88,Unknown,Cancelled,N,korn.srisawat135@example.com,False,Original,Bangkok,False,Original,False,True,189.88,0.0,False,189.88,True,False,189.88,2026-06-26,2026-06-26 10:00:00,10.0,False
T000417,C0078,Nont Khamdee,nont.khamdee78@example.com,F,Bangkok,2026-01-21,2026-01-21 03:00:00,Food,6,218.27,0.05,1244.14,Unknown,Returned,N,,True,Mapped_From_History,Bangkok,False,Original,False,True,1244.14,0.0,False,1244.14,True,False,1244.14,2026-01-21,2026-01-21 03:00:00,3.0,False
T000237,C0138,Mint Dechawat,mint.dechawat138@example.com,M,Khon Kaen,2026-02-09,2026-02-09 16:00:00,Electronics,4,187.97,0.2,601.5,Bank Transfer,Cancelled,N,mint.dechawat138@example.com,False,Original,Khon Kaen,False,Original,False,True,601.5,0.0,False,601.5,True,False,601.5,2026-02-09,2026-02-09 16:00:00,16.0,False
T000286,C0124,Aom Thongdee,aom.thongdee124@example.com,F,Khon Kaen,2026-06-07,2026-06-08 06:00:00,Sports,6,186.14,0.1,1005.16,Cash on Delivery,Returned,N,aom.thongdee124@example.com,False,Original,Khon Kaen,False,Original,False,True,1005.16,0.0,False,1005.16,True,False,1005.16,2026-06-07,2026-06-08 06:00:00,30.0,True
T000200,C0052,Gun Dechawat,gun.dechawat52@example.com,F,Rayong,2026-01-19,2026-01-19 11:00:00,Food,6,117.92,0.0,707.52,PromptPay,Processing,N,gun.dechawat52@example.com,False,Original,Rayong,False,Original,False,True,707.52,0.0,False,707.52,True,False,707.52,2026-01-19,2026-01-19 11:00:00,11.0,False
T000572,C0023,Beam Boonmee,beam.boonmee23@example.com,M,Khon Kaen,2026-06-13,2026-06-13 02:00:00,Sports,3,70.4,0.0,211.2,Cash on Delivery,Processing,N,beam.boonmee23@example.com,False,Original,Khon Kaen,False,Original,False,True,211.2,0.0,False,211.2,True,False,211.2,2026-06-13,2026-06-13 02:00:00,2.0,False
T000066,C0092,Tee Wongsa,tee.wongsa92@example.com,F,Chanthaburi,2026-04-04,2026-04-04 03:00:00,Fashion,6,354.08,0.1,1912.03,Cash on Delivery,Completed,N,tee.wongsa92@example.com,False,Original,Chanthaburi,False,Original,False,True,1912.03,0.0,False,1912.03,True,False,1912.03,2026-04-04,2026-04-04 03:00:00,3.0,False
T000474,C0149,May Pattanakul,may.pattanakul149@example.com,F,Chiang Mai,2026-04-03,2026-04-03 17:00:00,Fashion,2,218.01,0.1,392.42,Bank Transfer,Returned,N,may.pattanakul149@example.com,False,Original,Chiang Mai,False,Original,True,True,392.42,0.0,False,392.42,True,False,392.42,2026-04-03,2026-04-03 17:00:00,17.0,False
T000159,C0088,Narin Sukjai,narin.sukjai88@example.com,F,Phuket,2026-04-06,2026-04-06 03:00:00,Electronics,6,115.72,0.0,694.32,Bank Transfer,Completed,Y,narin.sukjai88@example.com,False,Original,Phuket,False,Original,False,True,694.32,6248.88,True,6943.2,True,False,694.32,2026-04-06,2026-04-06 03:00:00,3.0,False
T000472,C0098,Film Lertprasert,film.lertprasert98@example.com,F,Khon Kaen,2026-03-31,2026-03-31 17:00:00,Food,1,143.03,0.2,114.42,Cash on Delivery,Completed,N,film.lertprasert98@example.com,False,Original,Khon Kaen,False,Original,False,True,114.42,0.0,False,114.42,True,False,114.42,2026-03-31,2026-03-31 17:00:00,17.0,False
T000026,C0156,Beam Kittikul,beam.kittikul156@example.com,M,Chanthaburi,2026-02-24,2026-02-24 02:00:00,Electronics,5,320.88,0.0,1604.4,Cash on Delivery,Cancelled,N,beam.kittikul156@example.com,False,Original,Chanthaburi,False,Original,False,True,1604.4,513.1600000000001,True,1091.24,True,False,1604.4,2026-02-24,2026-02-24 02:00:00,2.0,False
T000089,C0127,Fah Rattanakul,fah.rattanakul127@example.com,F,Rayong,2026-03-24,2026-03-24 17:00:00,Beauty,2,111.37,0.1,200.47,Bank Transfer,Unknown,N,fah.rattanakul127@example.com,False,Original,Rayong,False,Original,False,True,200.47,0.0,False,200.47,False,False,200.47,2026-03-24,2026-03-24 17:00:00,17.0,False
T000080,C0145,Tee Srisawat,tee.srisawat145@example.com,M,Nakhon Ratchasima,2026-03-23,2026-03-23 15:00:00,Food,1,160.91,0.0,160.91,Unknown,Processing,N,tee.srisawat145@example.com,False,Original,Nakhon Ratchasima,False,Original,False,True,160.91,0.0,False,160.91,True,False,160.91,2026-03-23,2026-03-23 15:00:00,15.0,False
T000145,C0135,Korn Srisawat,korn.srisawat135@example.com,F,Bangkok,2026-01-22,2026-01-22 04:00:00,Fashion,5,344.72,0.05,1637.42,Bank Transfer,Completed,N,korn.srisawat135@example.com,False,Original,Bangkok,False,Original,False,True,1637.42,0.0,False,1637.42,True,False,1637.42,2026-01-22,2026-01-22 04:00:00,4.0,False
T000515,C0049,Gun Dechawat,gun.dechawat49@example.com,F,Nakhon Ratchasima,2026-01-19,2026-01-19 17:00:00,Food,6,165.59,0.0,993.54,Cash on Delivery,Returned,N,gun.dechawat49@example.com,False,Original,Nakhon Ratchasima,False,Original,False,True,993.54,0.0,False,993.54,True,False,993.54,2026-01-19,2026-01-19 17:00:00,17.0,False
T000160,C0045,Boss Khamdee,boss.khamdee45@example.com,M,Phuket,2026-01-05,2026-01-05 09:00:00,Electronics,1,153.49,0.0,153.49,Unknown,Completed,N,boss.khamdee45@example.com,False,Original,Phuket,False,Original,False,True,153.49,0.0,False,153.49,True,False,153.49,2026-01-05,2026-01-05 09:00:00,9.0,False
T000062,C0158,Nont Kittikul,nont.kittikul158@example.com,M,Nakhon Ratchasima,2026-01-28,2026-01-28 07:00:00,Fashion,6,312.64,0.2,1500.67,Bank Transfer,Returned,N,nont.kittikul158@example.com,False,Original,Nakhon Ratchasima,False,Original,False,True,1500.67,0.0,False,1500.67,True,False,1500.67,2026-01-28,2026-01-28 07:00:00,7.0,False
T000436,C0076,Pim Phromla,pim.phromla76@example.com,M,Chanthaburi,2026-05-27,2026-05-27 02:00:00,Sports,5,120.63,0.0,603.15,Bank Transfer,Cancelled,N,pim.phromla76@example.com,False,Original,Chanthaburi,False,Original,False,True,603.15,0.0,False,603.15,True,False,603.15,2026-05-27,2026-05-27 02:00:00,2.0,False
T000035,C0179,Jane Chaiyo,jane.chaiyo179@example.com,F,Chanthaburi,2026-03-14,2026-03-14 04:00:00,Electronics,5,555.97,0.0,2088.6400000000003,Credit Card,Completed,N,jane.chaiyo179@example.com,False,Original,Chanthaburi,False,Original,False,True,2779.85,0.0,False,2779.85,True,True,2779.85,2026-03-14,2026-03-14 04:00:00,4.0,False
T000281,C0171,Beam Lertprasert,beam.lertprasert171@example.com,F,Rayong,2026-04-04,2026-04-04 13:00:00,Sports,1,152.16,0.0,152.16,Unknown,Cancelled,N,,True,Mapped_From_History,Rayong,False,Original,False,True,152.16,0.0,False,152.16,True,False,152.16,2026-04-04,2026-04-04 13:00:00,13.0,False
T000304,C0103,Tee Phromla,tee.phromla103@example.com,F,Phuket,2026-01-20,2026-01-20 11:00:00,Fashion,5,87.61,0.0,438.05,PromptPay,Returned,N,tee.phromla103@example.com,False,Original,Phuket,False,Original,False,True,438.05,0.0,False,438.05,True,False,438.05,2026-01-20,2026-01-20 11:00:00,11.0,False
T000008,C0130,Jane Srisawat,jane.srisawat130@example.com,F,Nakhon Ratchasima,2026-05-25,2026-05-25 06:00:00,Sports,3,392.05,0.05,1117.34,PromptPay,Completed,N,jane.srisawat130@example.com,False,Original,Nakhon Ratchasima,False,Original,False,True,1117.34,0.0,False,1117.34,True,False,1117.34,2026-05-25,2026-05-25 06:00:00,6.0,False
T000110,C0130,Jane Srisawat,jane.srisawat130@example.com,F,Nakhon Ratchasima,2026-02-26,2026-02-26 06:00:00,Home,6,107.91,0.0,647.46,Unknown,Returned,N,jane.srisawat130@example.com,False,Original,Nakhon Ratchasima,False,Original,False,True,647.46,0.0,False,647.46,True,False,647.46,2026-02-26,2026-02-26 06:00:00,6.0,False
T000261,C0170,Beam Boonmee,beam.boonmee170@example.com,M,Nakhon Ratchasima,2026-03-16,2026-03-16 09:00:00,Fashion,4,501.85,0.0,2007.4,Unknown,Completed,N,beam.boonmee170@example.com,False,Original,Nakhon Ratchasima,False,Original,False,True,2007.4,0.0,False,2007.4,True,False,2007.4,2026-03-16,2026-03-16 09:00:00,9.0,False
T000167,C0122,Anan Wongsa,anan.wongsa122@example.com,M,Chanthaburi,2026-06-15,2026-06-15 05:00:00,Food,3,233.58,0.0,700.74,Credit Card,Processing,N,anan.wongsa122@example.com,False,Original,Chanthaburi,False,Original,False,True,700.74,0.0,False,700.74,True,False,700.74,2026-06-15,2026-06-15 05:00:00,5.0,False
T000058,C0031,Ploy Rattanakul,ploy.rattanakul31@example.com,F,Chiang Mai,2026-02-21,2026-02-21 17:00:00,Sports,5,509.49,0.2,2037.96,Bank Transfer,Completed,N,,True,Mapped_From_History,Chiang Mai,False,Original,False,True,2037.96,0.0,False,2037.96,True,False,2037.96,2026-02-21,2026-02-21 17:00:00,17.0,False
T000252,C0009,Beam Sukjai,beam.sukjai9@example.com,M,Bangkok,2026-01-11,2026-01-14 04:00:00,Food,3,37.36,0.0,112.08,Unknown,Completed,N,beam.sukjai9@example.com,False,Original,Bangkok,False,Original,False,True,112.08,0.0,False,112.08,True,False,112.08,2026-01-11,2026-01-14 04:00:00,76.0,True
T000372,C0094,Boss Srisawat,boss.srisawat94@example.com,M,Chiang Mai,2026-03-20,2026-03-20 05:00:00,Fashion,1,487.42,0.1,438.68,PromptPay,Completed,N,boss.srisawat94@example.com,False,Original,Chiang Mai,False,Original,False,True,438.68,0.0,False,438.68,True,False,438.68,2026-03-20,2026-03-20 05:00:00,5.0,False
T000162,C0094,Boss Srisawat,boss.srisawat94@example.com,M,Chiang Mai,2026-05-16,2026-05-16 10:00:00,Sports,5,347.16,0.0,1735.8,PromptPay,Returned,N,,True,Mapped_From_History,Chiang Mai,False,Original,False,True,1735.8,0.0,False,1735.8,True,False,1735.8,2026-05-16,2026-05-16 10:00:00,10.0,False
T000168,C0057,Ploy Thongdee,ploy.thongdee57@example.com,F,Nakhon Ratchasima,2026-05-22,2026-05-22 01:00:00,Fashion,3,194.0,0.0,582.0,Credit Card,Processing,N,ploy.thongdee57@example.com,False,Original,Nakhon Ratchasima,False,Original,False,True,582.0,0.0,False,582.0,True,False,582.0,2026-05-22,2026-05-22 01:00:00,1.0,False
T000453,C0147,Film Chaiyo,film.chaiyo147@example.com,M,Chiang Mai,2026-04-08,2026-04-08 01:00:00,Fashion,1,448.49,0.1,403.64,Cash on Delivery,Processing,N,,True,Mapped_From_History,Chiang Mai,False,Original,False,True,403.64,0.0,False,403.64,True,False,403.64,2026-04-08,2026-04-08 01:00:00,1.0,False
T000229,C0151,Mook Thongdee,mook.thongdee151@example.com,M,Bangkok,2026-05-10,2026-05-10 07:00:00,Home,1,313.84,0.0,313.84,Bank Transfer,Completed,N,mook.thongdee151@example.com,False,Original,Bangkok,False,Original,False,True,313.84,0.0,False,313.84,True,False,313.84,2026-05-10,2026-05-10 07:00:00,7.0,False
T000421,C0064,Ploy Thongdee,ploy.thongdee64@example.com,F,Phuket,2026-03-11,2026-03-11 12:00:00,Sports,3,315.62,0.1,852.17,Cash on Delivery,Returned,Y,ploy.thongdee64@example.com,False,Original,,True,Mapped_From_History,False,True,852.17,0.0,False,852.17,True,False,852.17,2026-03-11,2026-03-11 12:00:00,12.0,False
T000313,C0101,Boss Phromla,boss.phromla101@example.com,M,Bangkok,2026-06-06,2026-06-06 09:00:00,Food,6,166.55,0.1,899.37,Cash on Delivery,Completed,N,boss.phromla101@example.com,False,Original,Bangkok,False,Original,False,True,899.37,0.0,False,899.37,True,False,899.37,2026-06-06,2026-06-06 09:00:00,9.0,False
T000330,C0017,Mook Rattanakul,mook.rattanakul17@example.com,F,Khon Kaen,2026-02-26,2026-02-26 17:00:00,Electronics,4,233.7,0.05,888.06,PromptPay,Completed,N,mook.rattanakul17@example.com,False,Original,Khon Kaen,False,Original,False,True,888.06,0.0,False,888.06,True,False,888.06,2026-02-26,2026-02-26 17:00:00,17.0,False
T000356,C0060,Tee Maneerat,tee.maneerat60@example.com,M,Rayong,2026-05-12,2026-05-12 15:00:00,Food,5,86.45,0.0,432.25,PromptPay,Completed,Y,tee.maneerat60@example.com,False,Original,Rayong,False,Original,False,True,432.25,0.0,False,432.25,True,False,432.25,2026-05-12,2026-05-12 15:00:00,15.0,False
T000268,C0045,Boss Khamdee,boss.khamdee45@example.com,M,Phuket,2026-03-30,2026-03-30 15:00:00,Fashion,6,137.69,0.15,702.22,Bank Transfer,Processing,N,boss.khamdee45@example.com,False,Original,Phuket,False,Original,False,True,702.22,0.0,False,702.22,True,False,702.22,2026-03-30,2026-03-30 15:00:00,15.0,False
T000329,C0078,Nont Khamdee,nont.khamdee78@example.com,F,Bangkok,2026-01-21,2026-01-21 09:00:00,Food,3,169.49,0.05,483.05,Bank Transfer,Processing,N,nont.khamdee78@example.com,False,Original,Bangkok,False,Original,False,True,483.05,0.0,False,483.05,True,False,483.05,2026-01-21,2026-01-21 09:00:00,9.0,False
T000163,C0125,May Lertprasert,may.lertprasert125@example.com,F,Rayong,2026-01-05,2026-05-01 02:00:00,Fashion,3,392.06,0.1,1058.56,Credit Card,Completed,N,may.lertprasert125@example.com,False,Original,Rayong,False,Original,False,True,1058.56,0.0,False,1058.56,True,False,1058.56,2026-01-05,2026-05-01 02:00:00,2786.0,True
T000206,C0012,Mint Pattanakul,mint.pattanakul12@example.com,M,Chiang Mai,2026-02-21,2026-02-21 04:00:00,Beauty,3,476.62,0.0,1429.86,PromptPay,Processing,N,mint.pattanakul12@example.com,False,Original,Chiang Mai,False,Original,False,True,1429.86,0.0,False,1429.86,True,False,1429.86,2026-02-21,2026-02-21 04:00:00,4.0,False
T000274,C0002,Mint Thongdee,mint.thongdee2@example.com,F,Rayong,2026-03-12,2026-03-12 11:00:00,Electronics,4,211.21,0.1,760.36,PromptPay,Completed,N,mint.thongdee2@example.com,False,Original,Rayong,False,Original,False,True,760.36,0.0,False,760.36,True,False,760.36,2026-03-12,2026-03-12 11:00:00,11.0,False
T000161,C0048,Boss Dechawat,boss.dechawat48@example.com,F,Rayong,2026-02-15,2026-02-15 07:00:00,Food,1,230.89,0.2,184.71,Credit Card,Cancelled,N,boss.dechawat48@example.com,False,Original,Rayong,False,Original,False,True,184.71,0.0,False,184.71,True,False,184.71,2026-02-15,2026-02-15 07:00:00,7.0,False
T000020,C0095,Tee Khamdee,tee.khamdee95@example.com,F,Khon Kaen,2026-05-06,2026-06-05 16:00:00,Fashion,2,267.86,0.1,482.15,PromptPay,Processing,N,,True,Mapped_From_History,Khon Kaen,False,Original,False,True,482.15,0.0,False,482.15,True,False,482.15,2026-05-06,2026-06-05 16:00:00,736.0,True
T000191,C0071,Aom Sukjai,aom.sukjai71@example.com,M,Chanthaburi,2026-03-26,2026-03-26 01:00:00,Sports,2,628.13,0.0,1256.26,PromptPay,Returned,N,aom.sukjai71@example.com,False,Original,Chanthaburi,False,Original,False,True,1256.26,0.0,False,1256.26,True,False,1256.26,2026-03-26,2026-03-26 01:00:00,1.0,False
T000530,C0083,Beam Srisawat,beam.srisawat83@example.com,M,Chiang Mai,2026-04-25,2026-04-25 16:00:00,Beauty,5,145.37,0.0,726.85,Bank Transfer,Completed,N,beam.srisawat83@example.com,False,Original,Chiang Mai,False,Original,False,True,726.85,0.0,False,726.85,True,False,726.85,2026-04-25,2026-04-25 16:00:00,16.0,False
T000379,C0147,Film Chaiyo,film.chaiyo147@example.com,M,Chiang Mai,2026-03-25,2026-03-25 18:00:00,Sports,2,328.4,0.15,558.28,Unknown,Completed,N,film.chaiyo147@example.com,False,Original,Chiang Mai,False,Original,False,True,558.28,0.0,False,558.28,True,False,558.28,2026-03-25,2026-03-25 18:00:00,18.0,False
